Rk,Player,Age,Team,Pos,G,GS,MP,FG,FGA,FG%,3P,3PA,3P%,2P,2PA,2P%,eFG%,FT,FTA,FT%,ORB,DRB,TRB,AST,STL,BLK,TOV,PF,PTS,Awards,Player-additional
1,Luka Dončić,26,LAL,PG,23,23,36.3,10.4,22.6,.462,3.4,10.6,.324,7.0,12.0,.583,.538,9.4,11.7,.803,0.8,7.5,8.3,8.6,1.6,0.6,4.3,2.5,33.7,0.0,doncilu01
2,Shai Gilgeous-Alexander,27,OKC,PG,31,31,33.3,10.9,19.6,.556,2.1,5.0,.419,8.8,14.6,.603,.609,8.1,9.2,.880,0.5,4.3,4.8,6.4,1.5,0.7,1.9,2.0,32.0,0.0,gilgesh01
3,Tyrese Maxey,25,PHI,PG,28,28,39.7,10.5,22.8,.461,3.6,9.3,.391,6.9,13.5,.509,.541,6.1,6.8,.890,0.3,4.1,4.4,6.9,1.8,0.9,2.7,2.4,30.7,0.0,maxeyty01
4,Donovan Mitchell,29,CLE,SG,30,30,33.9,10.6,21.3,.497,4.0,10.2,.390,6.6,11.2,.594,.590,5.0,5.9,.848,0.8,3.7,4.5,5.4,1.4,0.3,3.1,2.5,30.2,0.0,mitchdo01
5,Nikola Jokić,30,DEN,C,31,31,35.1,10.6,17.6,.604,2.1,4.8,.440,8.5,12.8,.667,.665,6.5,7.6,.855,3.1,9.3,12.4,11.1,1.4,0.8,3.6,2.8,29.9,0.0,jokicni01
6,Jaylen Brown,29,BOS,SF,29,29,33.8,10.9,21.5,.506,2.1,5.6,.370,8.8,15.9,.554,.554,5.8,7.5,.779,1.2,5.1,6.3,4.8,1.1,0.5,3.7,3.1,29.7,0.0,brownja02
7,Jalen Brunson,29,NYK,PG,28,28,35.5,10.4,21.7,.480,3.0,7.9,.380,7.4,13.8,.537,.549,5.6,6.6,.844,0.6,2.6,3.3,6.4,0.8,0.1,2.2,2.5,29.5,0.0,brunsja01
8,Anthony Edwards,24,MIN,SG,25,25,35.2,9.9,20.2,.492,3.3,8.4,.397,6.6,11.8,.559,.574,6.2,7.6,.811,0.7,4.4,5.2,3.7,1.4,0.8,3.0,2.0,29.3,0.0,edwaran01
9,Giannis Antetokounmpo,31,MIL,PF,18,18,28.9,11.0,17.2,.641,0.6,1.4,.423,10.4,15.7,.661,.659,6.3,9.8,.644,3.2,6.8,10.0,5.8,0.9,0.9,3.2,2.7,28.9,0.0,antetgi01
10,Stephen Curry,37,GSW,PG,23,23,32.1,9.4,20.3,.463,4.7,12.2,.389,4.7,8.1,.572,.579,5.3,5.8,.925,0.6,3.6,4.1,4.3,1.3,0.5,3.1,2.0,28.9,0.0,curryst01
11,Lauri Markkanen,28,UTA,PF,27,27,35.4,9.3,19.6,.476,3.0,8.2,.367,6.3,11.4,.555,.553,6.2,6.9,.903,2.0,4.9,6.9,2.1,1.0,0.4,1.4,2.0,27.9,0.0,markkla01
12,Kawhi Leonard,34,LAC,SF,21,21,33.9,9.6,19.4,.495,2.4,6.5,.375,7.2,13.0,.555,.558,5.9,6.0,.976,1.1,5.4,6.5,3.4,2.1,0.6,2.1,1.6,27.5,0.0,leonaka01
13,Austin Reaves,27,LAL,SG,23,22,35.3,8.2,16.2,.507,2.7,7.4,.365,5.5,8.8,.626,.590,7.5,8.6,.873,0.7,4.5,5.2,6.3,1.0,0.2,3.3,2.3,26.6,0.0,reaveau01
14,Cade Cunningham,24,DET,PG,29,29,35.8,9.3,20.1,.462,2.1,6.2,.331,7.2,13.9,.521,.514,5.8,7.1,.820,1.2,5.1,6.3,9.6,1.5,0.8,3.9,3.4,26.5,0.0,cunnica01
15,James Harden,36,LAC,PG,29,29,35.8,7.6,17.4,.435,3.5,9.5,.371,4.0,7.9,.511,.536,7.7,8.6,.892,0.6,4.4,5.0,8.0,1.3,0.3,3.8,2.1,26.3,0.0,hardeja01
16,Michael Porter Jr.,27,BRK,SF,25,25,32.8,9.2,18.6,.494,3.7,9.2,.404,5.4,9.4,.581,.594,3.7,4.5,.823,1.2,6.2,7.4,3.2,0.8,0.2,2.3,2.2,25.8,0.0,portemi01
17,Deni Avdija,25,POR,SF,32,32,35.1,7.8,16.6,.468,2.3,6.5,.361,5.4,10.1,.537,.539,7.7,9.7,.796,1.0,6.1,7.1,6.8,0.8,0.6,3.8,3.0,25.5,0.0,avdijde01
18,Devin Booker,29,PHO,SG,28,28,34.3,8.3,18.0,.459,1.7,5.6,.301,6.6,12.4,.530,.506,7.2,8.4,.856,0.9,3.3,4.2,6.5,1.0,0.4,3.5,2.9,25.4,0.0,bookede01
19,Kevin Durant,37,HOU,SF,27,27,36.0,8.7,16.9,.516,2.1,4.8,.442,6.6,12.1,.546,.579,5.9,6.5,.898,0.3,4.6,4.9,4.3,0.8,1.0,3.1,2.3,25.4,0.0,duranke01
20,Jamal Murray,28,DEN,PG,30,30,35.1,9.0,18.3,.489,3.5,7.7,.457,5.4,10.6,.513,.585,3.9,4.4,.887,0.3,4.0,4.4,6.8,1.0,0.3,2.3,1.6,25.4,0.0,murraja01
21,Keyonte George,22,UTA,PG,31,31,34.3,7.5,16.6,.450,2.5,6.9,.367,4.9,9.7,.510,.527,6.7,7.4,.904,0.5,3.8,4.2,6.8,0.9,0.3,3.4,2.6,24.2,0.0,georgke01
22,Victor Wembanyama,22,SAS,C,19,13,30.2,8.5,16.5,.518,1.4,4.1,.351,7.1,12.4,.572,.561,5.4,6.5,.837,2.1,9.5,11.5,3.5,0.8,3.1,3.3,3.0,23.9,0.0,wembavi01
23,Jalen Johnson,24,ATL,SF,30,30,35.4,8.7,16.6,.522,1.6,4.3,.367,7.1,12.3,.576,.569,4.8,5.8,.822,1.4,8.9,10.4,8.4,1.4,0.5,3.5,2.2,23.7,0.0,johnsja05
24,Norman Powell,32,MIA,SG,27,27,31.3,7.9,16.5,.476,2.8,7.0,.399,5.1,9.5,.533,.561,5.3,6.1,.861,0.4,3.7,4.1,2.7,1.3,0.3,1.9,2.3,23.7,0.0,powelno01
25,Pascal Siakam,31,IND,PF,31,31,33.9,8.6,17.9,.478,1.8,4.7,.374,6.8,13.2,.516,.528,4.5,6.6,.681,1.8,5.0,6.8,3.8,1.3,0.4,2.1,2.6,23.4,0.0,siakapa01
26,Tyler Herro,26,MIA,SG,6,6,31.8,8.3,16.5,.505,2.5,6.2,.405,5.8,10.3,.565,.581,4.0,4.3,.923,0.5,4.5,5.0,2.3,1.0,0.5,1.2,1.5,23.2,0.0,herroty01
27,Alperen Şengün,23,HOU,C,26,26,35.6,8.7,17.0,.508,0.8,2.4,.317,7.9,14.6,.539,.530,4.6,6.3,.736,3.1,6.3,9.4,6.8,1.5,1.0,3.5,3.4,22.7,0.0,sengual01
28,Franz Wagner,24,ORL,SF,24,24,33.4,7.8,15.9,.490,1.5,4.2,.360,6.3,11.8,.535,.537,5.6,6.8,.823,1.5,4.6,6.1,3.7,1.2,0.4,1.8,2.2,22.7,0.0,wagnefr01
29,Julius Randle,31,MIN,PF,32,32,33.9,7.6,15.8,.481,1.6,4.9,.327,6.0,11.0,.550,.532,5.7,6.9,.824,1.7,5.3,7.0,5.7,1.2,0.2,2.7,2.8,22.6,0.0,randlju01
30,Cam Thomas,24,BRK,SG,9,8,27.3,6.9,16.3,.422,2.1,5.9,.358,4.8,10.4,.457,.486,6.4,7.2,.892,0.3,1.2,1.6,2.8,0.4,0.1,1.8,1.8,22.3,0.0,thomaca02
31,Karl-Anthony Towns,30,NYK,C,29,29,32.9,7.2,15.2,.476,1.8,5.0,.361,5.4,10.2,.532,.535,6.1,7.0,.867,3.1,8.8,11.9,2.9,0.9,0.7,2.5,3.5,22.3,0.0,townska01
32,Brandon Ingram,28,TOR,SF,33,33,34.2,8.2,17.4,.471,1.7,5.1,.341,6.5,12.4,.525,.521,3.9,4.8,.815,0.8,5.0,5.8,3.8,0.8,0.6,3.0,1.9,22.0,0.0,ingrabr01
33,Shaedon Sharpe,22,POR,SG,28,22,29.4,8.2,17.9,.460,2.0,6.1,.333,6.2,11.8,.526,.517,3.5,4.6,.762,1.2,3.2,4.4,2.4,1.5,0.2,3.1,2.2,22.0,0.0,sharpsh01
34,De'Aaron Fox,28,SAS,PG,22,22,32.1,7.8,16.2,.482,2.4,6.0,.394,5.5,10.2,.533,.555,3.9,4.9,.804,0.9,3.0,3.8,6.1,1.3,0.3,2.7,2.4,21.9,0.0,foxde01
35,Joel Embiid,31,PHI,C,13,13,27.0,7.2,16.2,.443,1.2,4.5,.259,6.0,11.7,.513,.479,6.3,7.5,.837,1.7,4.8,6.5,2.8,0.7,1.3,2.5,2.2,21.8,0.0,embiijo01
36,Zion Williamson,25,NOP,PF,17,10,28.4,7.4,13.6,.539,0.0,0.2,.000,7.4,13.5,.546,.539,7.0,9.3,.753,2.5,3.3,5.8,3.5,1.2,0.5,2.7,2.2,21.7,0.0,willizi01
37,Dillon Brooks,30,PHO,SF,25,25,30.8,7.9,17.2,.459,2.4,7.2,.333,5.5,10.0,.550,.529,3.1,3.8,.813,0.8,2.4,3.1,1.7,1.3,0.1,2.1,3.5,21.4,0.0,brookdi01
38,Trey Murphy III,25,NOP,SF,31,31,35.4,7.2,14.6,.494,2.6,6.9,.379,4.6,7.7,.598,.584,3.6,3.9,.910,1.4,4.7,6.1,3.5,1.7,0.2,1.9,2.2,20.6,0.0,murphtr02
39,Anthony Davis,32,DAL,PF,16,16,29.9,8.6,16.4,.521,0.6,1.9,.323,7.9,14.5,.547,.540,2.8,3.9,.710,3.3,7.6,10.9,2.8,1.3,1.6,1.8,2.3,20.5,0.0,davisan02
40,LeBron James,41,LAL,SF,14,14,32.9,7.7,15.2,.507,1.4,4.5,.317,6.3,10.7,.587,.554,3.6,5.4,.671,0.7,4.2,4.9,6.7,1.0,0.6,2.4,1.4,20.5,0.0,jamesle01
41,Coby White,25,CHI,SG,15,13,29.5,6.5,14.5,.445,2.3,7.2,.324,4.1,7.3,.564,.525,5.2,6.5,.796,0.3,3.1,3.4,4.9,0.7,0.0,3.1,2.3,20.5,0.0,whiteco01
42,Miles Bridges,27,CHO,PF,31,31,34.4,7.2,16.6,.430,2.3,7.3,.319,4.8,9.4,.517,.500,3.8,4.5,.842,1.0,5.3,6.3,3.9,0.6,0.6,1.5,1.9,20.4,0.0,bridgmi02
43,Nickeil Alexander-Walker,27,ATL,SG,31,24,32.5,7.0,15.5,.451,2.8,7.5,.376,4.1,7.9,.522,.543,3.5,4.1,.859,0.7,2.7,3.4,3.2,0.9,0.6,2.1,2.2,20.3,0.0,alexani01
44,Zach LaVine,30,SAC,SG,23,23,32.8,7.2,14.7,.487,2.7,7.0,.385,4.5,7.7,.579,.578,3.1,3.6,.867,0.3,2.7,3.0,2.3,0.7,0.2,2.2,2.2,20.2,0.0,lavinza01
45,Jerami Grant,31,POR,PF,26,14,30.3,6.0,13.8,.436,2.5,6.4,.389,3.5,7.3,.476,.527,5.5,6.3,.866,1.2,2.9,4.0,2.7,0.7,0.6,2.2,3.0,20.0,0.0,grantje01
46,Paolo Banchero,23,ORL,PF,22,22,32.9,6.4,14.7,.432,0.8,3.6,.225,5.5,11.1,.500,.460,6.2,8.2,.757,0.9,7.3,8.2,4.4,0.6,0.7,2.5,2.4,19.8,0.0,banchpa01
47,LaMelo Ball,24,CHO,PG,21,21,28.2,6.8,16.9,.400,3.0,8.8,.342,3.8,8.1,.462,.489,3.2,3.7,.859,1.0,4.5,5.4,8.5,1.1,0.3,3.5,3.1,19.7,0.0,ballla01
48,Jimmy Butler,36,GSW,SF,28,28,31.6,6.2,12.0,.515,0.9,2.1,.417,5.3,9.9,.536,.552,6.4,7.5,.856,2.2,3.4,5.6,4.9,1.4,0.3,1.6,1.3,19.6,0.0,butleji01
49,Cooper Flagg,19,DAL,SF,32,32,34.5,7.4,15.1,.494,1.0,3.4,.287,6.5,11.7,.553,.526,3.7,4.6,.803,1.2,5.2,6.4,3.9,1.2,0.8,2.2,2.3,19.5,0.0,flaggco01
50,Josh Giddey,23,CHI,PG,29,29,33.3,6.8,14.4,.470,1.9,4.9,.390,4.9,9.6,.511,.536,4.0,5.3,.755,1.2,7.9,9.1,9.2,1.0,0.4,3.7,1.9,19.5,0.0,giddejo01
51,Scottie Barnes,24,TOR,PF,33,33,34.1,7.6,14.9,.507,1.2,3.4,.354,6.4,11.5,.553,.548,2.9,3.5,.828,2.3,6.1,8.4,5.2,1.3,1.5,2.7,2.9,19.3,0.0,barnesc01
52,Kon Knueppel,20,CHO,SF,31,30,33.1,6.7,14.0,.478,3.6,8.5,.428,3.0,5.5,.556,.609,2.3,2.5,.897,0.9,4.3,5.1,3.5,0.7,0.2,2.4,2.3,19.3,0.0,knuepko01
53,Trae Young,27,ATL,PG,10,10,28.0,5.6,13.5,.415,1.8,5.9,.305,3.8,7.6,.500,.481,6.3,7.3,.863,0.0,1.5,1.5,8.9,1.0,0.1,2.6,2.0,19.3,0.0,youngtr01
54,Desmond Bane,27,ORL,SG,32,32,33.8,6.9,15.4,.449,1.8,5.0,.348,5.2,10.4,.498,.506,3.5,3.8,.926,1.2,3.3,4.5,4.6,0.8,0.5,2.2,3.2,19.2,0.0,banede01
55,Kristaps Porziņģis,30,ATL,C,13,12,25.9,6.4,12.8,.497,1.8,5.1,.364,4.5,7.8,.584,.569,4.5,5.3,.855,1.5,4.2,5.6,3.1,0.5,1.6,0.9,3.4,19.2,0.0,porzikr01
56,Kevin Porter Jr.,25,MIL,PG,13,13,32.5,6.2,13.3,.468,2.3,5.4,.429,3.9,7.9,.495,.555,4.3,5.2,.836,0.8,4.5,5.2,7.4,2.5,0.4,3.7,2.3,19.1,0.0,porteke02
57,RJ Barrett,25,TOR,SF,18,18,30.5,6.9,13.9,.500,1.8,5.1,.359,5.1,8.8,.582,.566,3.2,4.6,.707,0.7,4.3,4.9,3.8,0.8,0.2,1.4,2.7,18.9,0.0,barrerj01
58,DeMar DeRozan,36,SAC,PF,32,32,33.3,6.8,13.3,.506,0.8,2.2,.371,5.9,11.2,.532,.536,4.5,5.0,.900,0.6,2.8,3.3,3.8,1.4,0.3,1.1,2.1,18.8,0.0,derozde01
59,Aaron Gordon,30,DEN,PF,13,13,28.3,6.3,11.8,.532,2.2,4.8,.444,4.2,7.0,.593,.623,4.0,4.6,.867,1.5,4.5,5.9,1.3,0.8,0.2,1.4,1.8,18.8,0.0,gordoaa01
60,Stephon Castle,21,SAS,PG,22,22,30.6,6.5,12.7,.509,1.2,4.2,.283,5.3,8.5,.620,.556,4.5,6.3,.725,1.3,3.8,5.1,7.0,1.3,0.3,3.8,3.4,18.6,0.0,castlst01
61,CJ McCollum,34,WAS,SG,30,30,31.0,6.7,15.2,.441,2.8,7.2,.387,3.9,8.0,.490,.533,2.4,3.0,.802,0.6,2.8,3.4,3.6,0.7,0.2,1.6,2.2,18.6,0.0,mccolcj01
62,Jaren Jackson Jr.,26,MEM,C,30,30,29.9,6.8,14.3,.476,1.7,4.6,.360,5.1,9.7,.531,.534,3.2,4.2,.762,0.9,4.6,5.5,2.0,0.9,1.5,2.1,3.9,18.5,0.0,jacksja02
63,Bennedict Mathurin,23,IND,SF,21,21,32.8,5.9,13.8,.428,2.3,6.3,.364,3.6,7.5,.481,.510,4.4,5.1,.860,0.9,4.8,5.7,2.0,0.8,0.2,2.4,2.9,18.5,0.0,mathube01
64,Chet Holmgren,23,OKC,PF,27,27,28.7,6.9,12.1,.571,1.4,3.7,.390,5.4,8.4,.650,.630,3.1,3.9,.790,1.4,6.4,7.9,1.6,0.5,1.5,1.9,3.0,18.3,0.0,holmgch01
65,Evan Mobley,24,CLE,PF,27,25,33.3,6.8,13.7,.495,1.4,4.1,.342,5.4,9.6,.560,.546,3.4,5.2,.645,2.5,6.6,9.1,4.0,0.9,1.6,2.3,2.4,18.3,0.0,mobleev01
66,Jalen Duren,22,DET,C,29,29,28.8,7.0,11.1,.636,0.0,0.0,0.0,7.0,11.1,.636,.636,4.2,5.7,.729,4.3,6.6,10.9,1.8,0.8,1.0,2.2,3.2,18.2,0.0,durenja01
67,Alex Sarr,20,WAS,C,21,21,28.6,7.5,14.8,.510,1.1,3.2,.353,6.4,11.5,.554,.548,2.0,3.1,.652,2.5,5.8,8.3,2.9,0.8,2.2,1.7,2.0,18.2,0.0,sarral01
68,Derrick White,31,BOS,SG,30,30,33.5,6.2,15.8,.395,3.3,9.4,.351,2.9,6.4,.461,.500,2.4,2.8,.855,0.7,3.5,4.2,5.1,1.4,1.3,1.9,1.8,18.1,0.0,whitede01
69,Bam Adebayo,28,MIA,C,24,24,31.4,6.5,14.0,.466,1.4,4.4,.314,5.1,9.6,.535,.515,3.6,4.8,.754,1.5,8.0,9.5,2.4,1.0,0.9,1.9,1.7,18.0,0.0,adebaba01
70,Brandon Miller,23,CHO,SF,15,15,29.4,6.3,16.1,.388,2.5,7.5,.336,3.7,8.6,.434,.467,2.9,3.4,.843,1.0,2.7,3.7,3.3,0.9,1.2,2.5,2.7,17.9,0.0,millebr02
71,Ja Morant,26,MEM,PG,16,16,27.8,5.9,15.9,.374,1.0,4.5,.222,4.9,11.4,.434,.406,5.0,5.4,.920,0.4,2.9,3.3,7.6,0.9,0.2,3.6,2.1,17.9,0.0,moranja01
72,Amen Thompson,23,HOU,PG,29,29,36.7,7.1,13.9,.507,0.4,2.0,.186,6.7,11.9,.562,.521,3.2,4.1,.782,2.7,4.6,7.3,5.3,1.3,0.5,2.6,2.4,17.7,0.0,thompam01
73,Andrew Nembhard,26,IND,PG,24,24,31.6,5.9,13.9,.425,1.8,5.1,.352,4.1,8.8,.467,.490,3.7,4.4,.840,0.4,2.0,2.4,6.9,0.8,0.1,2.4,2.4,17.3,0.0,nembhan01
74,Jalen Williams,24,OKC,SG,13,13,29.8,6.6,14.7,.450,1.0,2.9,.342,5.6,11.8,.477,.484,3.1,3.6,.851,0.8,4.1,4.9,5.4,1.6,0.5,1.8,2.2,17.3,0.0,willija06
75,Ryan Rollins,23,MIL,PG,32,27,31.2,6.7,13.9,.480,2.3,5.8,.398,4.3,8.1,.539,.563,1.6,2.1,.746,0.8,3.4,4.2,5.8,1.6,0.4,2.4,2.8,17.2,0.0,rolliry01
76,Domantas Sabonis,29,SAC,C,11,11,33.2,6.7,13.2,.510,0.4,1.8,.200,6.4,11.4,.560,.524,3.4,4.6,.725,3.4,8.9,12.3,3.7,1.2,0.2,2.5,4.0,17.2,0.0,sabondo01
77,Darius Garland,26,CLE,PG,17,17,30.2,5.8,14.2,.409,2.4,6.5,.373,3.4,7.8,.439,.494,2.9,3.4,.877,0.6,2.0,2.6,6.7,0.7,0.1,2.9,1.8,17.0,0.0,garlada01
78,Payton Pritchard,28,BOS,PG,31,31,32.7,6.2,14.0,.441,2.7,8.0,.336,3.5,6.1,.580,.537,1.8,2.2,.851,1.1,3.4,4.5,5.2,0.8,0.1,1.3,1.6,16.9,0.0,pritcpa01
79,Kelly Oubre Jr.,30,PHI,SF,12,12,34.8,6.2,12.4,.497,1.9,5.6,.343,4.3,6.8,.622,.574,2.5,3.2,.789,1.2,3.9,5.1,1.3,1.1,0.8,1.5,2.7,16.8,0.0,oubreke01
80,Mikal Bridges,29,NYK,SF,31,31,35.3,6.7,12.8,.523,2.4,5.6,.420,4.3,7.2,.604,.615,1.0,1.3,.775,1.1,3.4,4.5,4.2,1.6,0.9,1.1,2.1,16.7,0.0,bridgmi01
81,Jrue Holiday,35,POR,PG,12,12,33.4,6.2,13.8,.446,2.6,7.1,.365,3.6,6.8,.531,.539,1.8,2.1,.840,1.3,3.9,5.3,8.3,1.6,0.3,2.9,2.0,16.7,0.0,holidjr01
82,Immanuel Quickley,26,TOR,PG,32,32,32.4,5.8,13.0,.443,2.5,6.8,.369,3.3,6.2,.525,.540,2.5,3.0,.814,0.5,3.8,4.3,6.4,1.2,0.1,1.8,2.1,16.5,0.0,quickim01
83,Andrew Wiggins,30,MIA,SF,28,28,32.5,6.5,13.4,.483,1.8,4.6,.398,4.6,8.8,.526,.551,1.6,2.3,.714,1.8,3.1,4.9,2.9,1.1,1.1,1.7,2.3,16.4,0.0,wiggian01
84,Grayson Allen,30,PHO,SG,18,18,31.1,5.6,12.9,.431,3.2,8.2,.392,2.3,4.7,.500,.556,2.0,2.5,.800,0.5,2.2,2.7,4.1,1.7,0.2,1.7,2.4,16.3,0.0,allengr01
85,Jaime Jaquez Jr.,24,MIA,SF,31,1,29.7,6.5,12.6,.521,0.5,1.7,.264,6.1,10.9,.561,.538,2.7,3.5,.773,1.3,4.2,5.5,4.6,0.8,0.2,2.3,2.1,16.3,0.0,jaqueja01
86,Onyeka Okongwu,25,ATL,C,32,21,31.8,6.1,12.4,.489,1.8,5.3,.351,4.2,7.2,.590,.563,2.1,2.7,.770,1.8,5.9,7.6,3.1,1.0,1.1,1.8,3.5,16.1,0.0,okongon01
87,Paul George,35,PHI,PF,14,14,28.0,5.2,12.8,.408,2.6,6.4,.416,2.6,6.4,.400,.511,2.9,3.4,.872,0.4,5.1,5.4,3.4,1.4,0.4,1.8,1.8,16.0,0.0,georgpa01
88,Jordan Poole,26,NOP,PG,14,4,28.1,4.9,13.5,.365,2.3,8.2,.278,2.6,5.3,.500,.450,3.9,4.3,.900,0.2,1.6,1.9,3.5,0.8,0.4,1.8,2.4,16.0,0.0,poolejo01
89,Nikola Vučević,35,CHI,C,30,30,30.0,6.5,13.2,.489,1.8,4.8,.371,4.7,8.5,.555,.555,1.1,1.4,.791,2.2,6.9,9.1,3.3,0.8,0.5,1.5,2.1,15.8,0.0,vucevni01
90,P.J. Washington,27,DAL,PF,27,27,32.1,5.9,12.8,.462,1.4,4.3,.325,4.5,8.5,.533,.517,2.4,3.5,.691,1.5,6.3,7.9,2.0,1.0,1.4,2.4,2.4,15.7,0.0,washipj01
91,Jabari Smith Jr.,22,HOU,PF,28,28,34.3,5.6,12.3,.461,2.3,6.1,.382,3.3,6.2,.538,.555,2.0,2.6,.781,1.4,5.4,6.8,1.9,0.8,0.7,1.4,3.0,15.6,0.0,smithja05
92,Ivica Zubac,28,LAC,C,28,28,32.0,6.8,11.1,.609,0.0,0.0,0.0,6.8,11.1,.609,.609,2.0,2.9,.713,3.4,7.7,11.1,2.5,0.4,1.0,2.0,2.5,15.6,0.0,zubaciv01
93,VJ Edgecombe,20,PHI,SG,26,26,35.0,5.8,13.8,.417,2.0,5.6,.366,3.7,8.3,.451,.490,2.0,2.5,.773,1.9,3.5,5.4,4.0,1.2,0.4,1.7,3.3,15.5,0.0,edgecvj01
94,Jalen Green,23,PHO,SG,2,2,15.0,5.5,11.5,.478,3.0,7.0,.429,2.5,4.5,.556,.609,1.5,2.5,.600,1.0,1.0,2.0,2.0,1.0,0.0,1.0,1.0,15.5,0.0,greenja05
95,Jalen Suggs,24,ORL,PG,21,21,25.6,5.4,11.4,.471,2.0,6.1,.328,3.4,5.3,.634,.558,2.7,3.1,.862,0.8,3.0,3.7,4.8,1.9,0.6,2.7,3.0,15.4,0.0,suggsja01
96,Jaden McDaniels,25,MIN,PF,30,30,32.5,5.9,11.6,.509,1.4,3.5,.404,4.5,8.1,.553,.569,2.1,2.4,.861,1.2,3.4,4.6,2.7,1.1,0.9,1.8,3.6,15.3,0.0,mcdanja02
97,Collin Sexton,27,CHO,SG,23,10,24.5,5.1,10.5,.485,1.3,3.4,.397,3.7,7.1,.528,.550,3.7,4.2,.887,0.4,1.7,2.1,4.0,0.7,0.2,2.3,1.7,15.3,0.0,sextoco01
98,Devin Vassell,25,SAS,SG,31,31,32.0,5.3,12.5,.425,2.7,7.0,.385,2.6,5.5,.476,.534,1.9,2.2,.868,0.5,3.5,4.0,2.5,0.9,0.5,0.9,2.1,15.3,0.0,vassede01
99,OG Anunoby,28,NYK,PF,21,21,31.9,5.3,11.6,.459,2.2,5.9,.379,3.1,5.7,.542,.555,2.2,2.8,.797,1.3,3.9,5.2,2.1,1.8,0.8,2.0,2.5,15.1,0.0,anunoog01
100,Anthony Black,22,ORL,PG,32,12,29.6,5.5,12.0,.457,1.5,4.2,.356,4.0,7.8,.512,.520,2.7,3.9,.685,0.9,3.3,4.2,3.5,1.3,0.6,2.2,2.7,15.1,0.0,blackan01
101,Kyshawn George,22,WAS,SF,27,27,31.9,5.4,11.7,.467,2.2,5.4,.408,3.2,6.2,.518,.562,1.9,2.6,.739,0.9,4.8,5.7,5.1,1.0,0.9,3.1,4.2,15.0,0.0,georgky01
102,Keegan Murray,25,SAC,PF,15,14,37.1,5.9,13.5,.438,1.3,5.1,.263,4.6,8.5,.543,.488,1.7,2.3,.765,1.7,4.7,6.4,1.5,1.5,1.7,1.1,2.1,14.9,0.0,murrake02
103,Aaron Nesmith,26,IND,SF,12,11,29.5,4.8,13.0,.365,2.8,7.6,.374,1.9,5.4,.354,.474,2.6,3.3,.795,1.5,3.0,4.5,1.5,0.8,0.4,0.8,2.5,14.9,0.0,nesmiaa01
104,Deandre Ayton,27,LAL,C,26,26,29.6,6.9,9.8,.709,0.0,0.0,0.0,6.9,9.8,.709,.709,1.0,1.6,.610,2.8,6.0,8.8,0.9,0.8,1.0,1.8,2.6,14.8,0.0,aytonde01
105,Jeremiah Fears,19,NOP,PG,33,31,27.0,5.5,12.7,.436,1.0,3.1,.337,4.5,9.7,.467,.476,2.6,3.4,.784,0.8,2.8,3.6,3.1,1.3,0.2,2.3,1.9,14.8,0.0,fearsje01
106,Quentin Grimes,25,PHI,SG,28,7,31.9,4.7,11.0,.424,2.2,6.3,.352,2.5,4.8,.519,.524,3.2,3.7,.874,0.6,3.1,3.8,4.3,0.9,0.4,2.4,1.9,14.8,0.0,grimequ01
107,De'Andre Hunter,28,CLE,SF,29,23,27.9,5.0,11.7,.425,1.8,5.9,.312,3.1,5.8,.538,.503,3.0,3.6,.854,0.7,3.4,4.1,2.1,0.7,0.2,1.5,2.7,14.8,0.0,huntede01
108,Saddiq Bey,26,NOP,SF,32,24,29.6,5.3,11.9,.445,1.6,5.0,.314,3.8,7.0,.538,.510,2.5,3.2,.802,1.7,4.2,5.9,2.2,0.9,0.1,0.6,1.0,14.7,0.0,beysa01
109,Russell Westbrook,37,SAC,SF,32,26,29.2,5.5,12.8,.428,1.9,5.4,.356,3.5,7.3,.481,.504,1.7,2.7,.647,1.6,5.2,6.8,7.1,1.5,0.1,3.3,2.5,14.6,0.0,westbru01
110,Walker Kessler,24,UTA,C,5,5,30.8,5.2,7.4,.703,1.2,1.6,.750,4.0,5.8,.690,.784,2.8,4.0,.700,4.6,6.2,10.8,3.0,1.4,1.8,3.2,4.4,14.4,0.0,kesslwa01
111,Santi Aldama,25,MEM,PF,32,8,27.7,5.4,11.4,.477,1.7,4.8,.346,3.8,6.6,.571,.549,1.8,2.6,.675,1.5,5.2,6.7,3.0,1.0,0.6,1.3,1.5,14.3,0.0,aldamsa01
112,Ajay Mitchell,23,OKC,SG,30,7,25.9,5.1,10.8,.474,1.1,3.1,.351,4.0,7.6,.524,.525,2.8,3.2,.875,0.6,2.9,3.5,3.6,1.5,0.3,1.5,2.2,14.1,0.0,mitchaj01
113,Matas Buzelis,21,CHI,PF,31,31,27.4,5.1,10.3,.492,1.6,4.5,.355,3.5,5.7,.601,.571,2.3,2.8,.805,1.1,4.1,5.2,1.5,0.8,1.4,1.8,2.8,14.0,0.0,buzelma01
114,Ayo Dosunmu,26,CHI,SG,25,7,25.9,5.1,10.0,.510,1.7,3.9,.443,3.4,6.1,.553,.596,2.1,2.5,.855,0.4,2.0,2.5,2.9,0.6,0.2,1.2,1.6,14.0,0.0,dosunay01
115,Obi Toppin,27,IND,PF,3,0,27.3,5.0,12.0,.417,1.0,5.7,.176,4.0,6.3,.632,.458,3.0,3.0,1.000,1.0,5.7,6.7,1.7,1.0,0.0,2.0,2.3,14.0,0.0,toppiob01
116,Tobias Harris,33,DET,PF,22,22,28.4,5.0,11.0,.450,1.4,4.2,.326,3.6,6.8,.527,.512,2.5,2.9,.844,1.1,3.7,4.8,2.6,0.6,0.3,1.0,2.1,13.7,0.0,harrito02
117,Naz Reid,26,MIN,C,32,0,26.8,5.2,11.5,.447,2.3,6.5,.361,2.8,5.0,.559,.549,1.0,1.3,.767,1.1,5.1,6.2,2.4,1.0,0.8,1.5,2.6,13.7,0.0,reidna01
118,Nic Claxton,26,BRK,C,29,29,30.2,5.3,9.2,.579,0.0,0.4,.091,5.3,8.8,.600,.581,2.9,4.2,.691,2.7,5.0,7.8,4.3,0.7,1.3,1.6,2.2,13.6,0.0,claxtni01
119,Donte DiVincenzo,29,MIN,SG,32,32,31.8,4.4,10.7,.414,3.0,8.0,.377,1.4,2.7,.523,.555,1.7,2.2,.761,1.0,3.4,4.4,4.0,1.3,0.5,1.3,2.5,13.6,0.0,divindo01
120,Zach Edey,23,MEM,C,11,11,25.8,5.6,8.9,.633,0.1,0.5,.200,5.5,8.5,.656,.638,2.3,2.9,.781,3.9,7.2,11.1,1.1,0.6,1.9,2.4,3.4,13.6,0.0,edeyza01
121,Sam Merrill,29,CLE,SG,16,11,26.1,4.5,9.6,.468,3.4,7.9,.433,1.1,1.7,.630,.646,1.1,1.3,.857,0.8,1.8,2.5,2.7,0.7,0.2,0.8,2.7,13.6,0.0,merrisa01
122,Cedric Coward,22,MEM,SG,31,18,26.9,4.8,10.4,.466,1.5,4.5,.324,3.4,5.9,.574,.536,2.4,2.8,.830,1.5,4.7,6.2,2.9,0.5,0.3,1.5,2.0,13.5,0.0,cowarce01
123,Collin Gillespie,26,PHO,PG,31,12,28.3,4.7,10.9,.436,2.9,6.8,.425,1.8,4.0,.456,.570,1.1,1.3,.875,1.0,3.0,4.0,5.1,1.4,0.3,1.9,1.5,13.5,0.0,gilleco01
124,Kyle Kuzma,30,MIL,PF,30,15,26.7,5.1,10.0,.508,0.8,2.6,.308,4.3,7.4,.579,.548,2.5,3.4,.752,0.9,3.9,4.9,2.3,0.7,0.6,1.8,2.5,13.5,0.0,kuzmaky01
125,Derik Queen,21,NOP,C,33,21,25.8,5.1,10.0,.509,0.2,0.9,.226,4.9,9.1,.538,.520,3.1,3.9,.783,1.6,5.3,7.0,4.0,1.0,0.8,2.4,3.2,13.5,0.0,queende01
126,Reed Sheppard,21,HOU,SG,29,4,25.8,4.9,10.7,.453,2.7,6.3,.429,2.2,4.4,.488,.579,1.0,1.3,.789,0.3,2.7,3.0,3.5,1.6,0.6,1.2,2.1,13.4,0.0,sheppre01
127,Jaylon Tyson,23,CLE,SG,28,19,27.6,5.2,9.9,.527,1.9,4.3,.442,3.3,5.6,.592,.623,1.1,1.4,.775,2.1,3.6,5.8,1.9,1.0,0.6,1.3,3.3,13.4,0.0,tysonja01
128,Noah Clowney,21,BRK,PF,29,23,28.4,4.0,9.9,.401,2.2,6.7,.337,1.7,3.2,.532,.514,3.1,3.8,.818,0.8,3.1,4.0,1.9,0.7,0.8,1.8,2.8,13.3,0.0,clownno01
129,Keldon Johnson,26,SAS,SF,31,0,23.1,5.1,8.8,.582,1.2,2.9,.418,3.9,5.9,.665,.652,1.8,2.5,.731,2.2,4.3,6.5,1.5,0.6,0.1,0.9,1.9,13.3,0.0,johnske04
130,Naji Marshall,28,DAL,SF,33,13,28.4,4.7,8.8,.533,0.9,2.9,.316,3.8,5.9,.638,.584,3.0,3.7,.811,0.8,3.8,4.7,2.5,1.1,0.1,1.2,2.1,13.3,0.0,marshna01
131,Jarrett Allen,27,CLE,C,22,22,25.4,5.2,8.6,.603,0.0,0.2,.200,5.1,8.4,.614,.606,2.8,3.7,.765,2.1,5.2,7.3,2.0,1.0,0.9,1.6,1.8,13.2,0.0,allenja01
132,Tim Hardaway Jr.,33,DEN,SG,31,4,26.5,4.5,9.6,.465,2.7,6.6,.412,1.7,3.0,.581,.606,1.5,1.7,.906,0.2,2.1,2.3,1.4,0.5,0.1,0.4,1.2,13.2,0.0,hardati02
133,Mark Williams,24,PHO,C,27,23,24.0,5.1,7.7,.665,0.0,0.0,1.000,5.1,7.7,.663,.667,2.8,3.6,.776,3.2,5.0,8.2,1.1,1.3,0.9,1.0,2.4,13.1,0.0,willima07
134,Dennis Schröder,32,SAC,PG,25,12,27.8,4.4,11.0,.405,1.5,4.3,.346,3.0,6.7,.443,.473,2.5,3.0,.829,0.6,2.9,3.5,5.9,0.9,0.2,2.0,1.8,12.9,0.0,schrode01
135,Toumani Camara,25,POR,PF,32,32,33.6,4.6,11.1,.412,2.5,7.3,.341,2.1,3.8,.549,.524,1.2,1.8,.684,1.9,3.2,5.1,2.8,1.1,0.4,2.1,3.4,12.8,0.0,camarto01
136,Anfernee Simons,26,BOS,SG,31,0,23.5,4.5,10.7,.426,2.2,6.1,.367,2.3,4.6,.503,.530,1.5,1.7,.887,0.4,1.8,2.2,2.2,0.5,0.1,1.0,2.0,12.8,0.0,simonan01
137,Rui Hachimura,27,LAL,PF,27,27,32.5,5.0,9.5,.521,1.8,4.1,.445,3.1,5.4,.578,.617,1.0,1.3,.750,0.8,3.0,3.8,0.9,0.6,0.2,0.9,1.9,12.7,0.0,hachiru01
138,Bobby Portis,30,MIL,PF,32,5,23.6,5.2,10.6,.487,1.8,3.9,.460,3.4,6.7,.502,.571,0.6,0.9,.667,1.3,5.2,6.5,1.3,0.6,0.1,1.1,1.6,12.7,0.0,portibo01
139,Harrison Barnes,33,SAS,PF,31,31,29.6,4.3,9.2,.469,2.2,5.5,.400,2.1,3.7,.569,.587,1.8,2.0,.887,0.8,2.4,3.2,2.1,0.9,0.1,1.1,1.4,12.6,0.0,barneha02
140,Wendell Carter Jr.,26,ORL,C,31,31,30.3,4.4,8.3,.533,1.3,3.1,.406,3.2,5.2,.609,.609,2.5,3.2,.780,2.7,4.8,7.5,2.0,0.7,0.7,1.4,3.7,12.6,0.0,cartewe01
141,Brandin Podziemski,22,GSW,SG,32,11,27.8,4.4,9.6,.459,1.9,4.8,.396,2.5,4.8,.523,.559,1.7,2.3,.764,0.8,3.8,4.6,3.3,1.1,0.2,1.6,2.2,12.4,0.0,podzibr01
142,Cam Spencer,25,MEM,SG,31,4,23.3,4.0,8.1,.496,2.5,5.2,.481,1.5,2.9,.522,.651,1.8,2.0,.918,0.4,2.1,2.5,4.7,0.8,0.1,1.4,1.7,12.4,0.0,spencca01
143,Kel'el Ware,21,MIA,C,32,22,24.9,4.8,8.7,.560,1.3,2.7,.471,3.6,6.0,.599,.632,1.5,1.8,.814,3.4,7.3,10.6,0.5,1.0,1.3,1.1,1.7,12.4,0.0,wareke01
144,Jaylen Wells,22,MEM,SG,32,32,27.6,4.2,9.8,.429,1.8,5.0,.350,2.5,4.8,.510,.517,2.2,2.8,.789,0.9,2.8,3.6,1.8,1.0,0.1,1.1,2.1,12.4,0.0,wellsja01
145,John Collins,28,LAC,PF,30,21,26.9,4.8,9.3,.511,1.0,3.0,.337,3.8,6.4,.592,.564,1.8,2.2,.818,1.3,3.5,4.7,0.9,0.9,0.7,1.5,2.5,12.3,0.0,collijo01
146,Josh Hart,30,NYK,SF,28,14,30.3,4.6,9.3,.498,1.6,4.0,.389,3.0,5.2,.582,.583,1.5,1.8,.837,1.8,6.3,8.0,5.1,1.4,0.3,2.1,2.5,12.3,0.0,hartjo01
147,Myles Turner,29,MIL,C,32,32,28.8,4.0,9.7,.414,2.2,6.0,.366,1.8,3.7,.492,.528,2.1,2.9,.739,1.1,4.3,5.4,1.7,0.8,1.4,1.0,2.7,12.3,0.0,turnemy01
148,Tre Jones,26,CHI,PG,25,11,27.0,4.1,7.9,.518,0.4,1.6,.275,3.6,6.3,.580,.546,3.6,4.3,.841,0.7,2.3,3.0,5.0,1.5,0.2,1.4,1.5,12.2,0.0,jonestr01
149,Malik Monk,27,SAC,SG,27,0,22.5,4.4,10.1,.431,1.9,4.6,.407,2.5,5.6,.450,.522,1.6,1.9,.824,0.4,1.7,2.0,2.3,0.9,0.4,1.2,1.6,12.1,0.0,monkma01
150,Dylan Harper,19,SAS,SG,21,0,21.7,4.7,10.1,.460,0.6,2.5,.250,4.0,7.7,.528,.491,2.0,2.7,.732,0.9,2.4,3.3,4.2,1.0,0.0,1.6,2.2,11.9,0.0,harpedy01
151,Kevin Huerter,27,CHI,SF,26,8,23.9,4.5,9.6,.472,1.7,5.2,.316,2.9,4.4,.658,.558,1.2,1.5,.750,0.5,2.8,3.4,2.3,0.8,0.6,1.2,2.1,11.9,0.0,huertke01
152,Jonathan Kuminga,23,GSW,PF,18,13,24.8,4.3,10.1,.431,0.9,2.8,.320,3.4,7.3,.473,.475,2.2,3.0,.741,1.6,4.6,6.2,2.6,0.3,0.3,2.4,1.7,11.8,0.0,kuminjo01
153,Duncan Robinson,31,DET,SF,30,30,29.9,3.9,9.1,.423,2.9,7.4,.387,1.0,1.7,.577,.580,1.2,1.6,.787,0.3,2.6,2.9,1.9,0.8,0.3,0.6,2.4,11.8,0.0,robindu01
154,Cameron Johnson,29,DEN,SF,28,28,30.6,4.0,8.8,.461,1.9,4.5,.429,2.1,4.3,.496,.571,1.7,2.1,.810,0.7,2.9,3.6,2.4,0.6,0.3,1.0,2.3,11.7,0.0,johnsca02
155,Ausar Thompson,23,DET,SF,28,27,26.5,4.7,9.2,.512,0.2,0.6,.294,4.5,8.6,.527,.521,2.1,3.8,.557,2.2,3.8,6.0,2.6,1.5,0.7,1.6,2.7,11.7,0.0,thompau01
156,Tre Johnson,19,WAS,SG,23,5,23.2,4.2,9.6,.441,1.9,5.0,.379,2.3,4.5,.510,.541,1.3,1.4,.879,0.5,2.4,3.0,1.6,0.5,0.4,1.4,1.7,11.6,0.0,johnstr03
157,Miles McBride,25,NYK,SG,20,9,27.0,4.0,9.1,.436,2.8,6.2,.444,1.2,2.9,.421,.588,1.0,1.2,.792,0.7,1.9,2.6,2.5,0.7,0.3,0.8,1.8,11.6,0.0,mcbrimi01
158,Dyson Daniels,22,ATL,SG,32,32,34.1,5.0,10.3,.488,0.2,1.7,.130,4.8,8.6,.558,.498,1.2,1.9,.613,2.2,4.3,6.5,5.7,2.0,0.3,2.3,2.2,11.5,0.0,daniedy01
159,Christian Braun,24,DEN,SG,11,11,29.5,4.4,8.8,.495,0.5,2.5,.214,3.8,6.3,.609,.526,2.1,2.6,.793,1.6,2.7,4.4,3.0,0.8,0.3,1.3,2.2,11.4,0.0,braunch01
160,Max Christie,22,DAL,SG,31,22,28.4,3.8,8.1,.468,2.3,5.0,.455,1.5,3.1,.490,.609,1.5,1.7,.833,0.2,3.2,3.4,2.0,0.5,0.4,1.1,1.6,11.4,0.0,chrisma02
161,Tari Eason,24,HOU,PF,15,3,22.4,4.3,8.7,.500,2.3,4.6,.493,2.1,4.1,.508,.631,0.5,0.9,.538,1.5,3.4,4.9,1.5,1.1,0.6,1.5,1.9,11.4,0.0,easonta01
162,Rudy Gobert,33,MIN,C,32,32,31.8,4.6,6.4,.714,0.0,0.0,0.0,4.6,6.4,.714,.714,2.1,4.0,.520,4.0,7.0,11.0,1.8,0.6,1.6,1.4,2.9,11.3,0.0,goberru01
163,Isaiah Hartenstein,27,OKC,C,24,24,26.9,4.8,7.5,.644,0.0,0.2,.000,4.8,7.3,.659,.644,1.5,2.4,.649,3.4,7.0,10.4,3.0,1.1,0.8,2.1,2.9,11.2,0.0,harteis01
164,Isaiah Joe,26,OKC,SG,23,0,21.2,3.4,7.5,.459,2.6,6.0,.424,0.9,1.4,.606,.631,1.7,1.9,.930,0.6,2.2,2.8,1.5,0.6,0.2,0.8,1.6,11.2,0.0,joeis01
165,Aaron Wiggins,27,OKC,SG,19,5,22.8,4.3,9.2,.466,2.1,5.0,.411,2.2,4.2,.532,.578,0.6,0.9,.706,0.7,2.2,2.8,1.7,0.5,0.5,1.1,1.7,11.2,0.0,wiggiaa01
166,Moses Moody,23,GSW,SG,30,19,25.3,3.7,8.9,.414,2.2,5.9,.379,1.4,3.0,.483,.539,1.6,1.9,.839,0.9,2.4,3.4,1.6,1.0,0.7,1.1,2.2,11.1,0.0,moodymo01
167,Klay Thompson,35,DAL,SF,30,8,22.1,3.9,10.6,.370,2.7,7.7,.357,1.2,3.0,.404,.498,0.5,0.7,.714,0.3,2.3,2.6,1.3,0.4,0.3,0.9,1.0,11.1,0.0,thompkl01
168,Brandon Williams,26,DAL,PG,29,9,21.9,3.8,9.2,.412,0.5,2.8,.185,3.3,6.4,.511,.440,3.0,3.7,.804,0.5,2.0,2.5,3.9,1.2,0.2,1.9,1.6,11.1,0.0,willibr03
169,Jock Landale,30,MEM,C,30,14,22.3,4.3,8.3,.516,1.1,2.8,.410,3.1,5.5,.570,.585,1.4,2.1,.651,2.7,3.3,5.9,1.6,0.5,0.5,1.1,2.6,11.0,0.0,landajo01
170,Donovan Clingan,21,POR,C,28,28,26.5,4.1,7.8,.528,0.8,2.6,.319,3.3,5.2,.630,.580,1.6,2.5,.657,4.5,6.1,10.6,1.8,0.6,1.5,0.9,2.6,10.7,0.0,clingdo01
171,A.J. Green,26,MIL,SG,29,29,28.7,3.4,7.5,.456,3.1,6.8,.455,0.3,0.7,.474,.664,0.7,0.9,.808,0.2,2.5,2.7,2.0,0.7,0.1,0.9,2.7,10.7,0.0,greenaj01
172,Zaccharie Risacher,20,ATL,SF,30,30,24.2,4.2,9.2,.455,1.4,4.2,.333,2.8,5.0,.556,.531,0.9,1.3,.675,0.9,2.0,2.9,1.5,1.0,0.6,0.9,2.1,10.7,0.0,risacza01
173,Peyton Watson,23,DEN,SF,29,19,27.0,3.9,7.6,.516,1.1,2.8,.400,2.8,4.9,.582,.588,1.8,2.3,.750,1.1,3.6,4.6,1.5,1.0,1.0,1.3,2.2,10.7,0.0,watsope01
174,Vit Krejci,25,ATL,PG,29,1,23.6,3.6,7.1,.507,2.7,5.7,.470,0.9,1.4,.659,.696,0.6,0.8,.750,0.4,1.9,2.3,1.5,0.7,0.3,0.8,2.3,10.6,0.0,krejcvi01
175,Sandro Mamukelashvili,26,TOR,C,32,6,21.1,4.0,7.6,.529,1.4,3.3,.411,2.6,4.2,.622,.620,1.3,1.6,.769,1.6,3.3,4.8,1.7,0.7,0.5,0.9,1.8,10.6,0.0,mamuksa01
176,Maxime Raynaud,22,SAC,C,24,10,21.7,4.4,8.2,.541,0.3,0.8,.350,4.1,7.3,.563,.559,1.5,2.0,.745,1.8,4.2,6.0,1.1,0.5,0.5,1.1,2.5,10.6,0.0,raynama01
177,Ace Bailey,19,UTA,SF,30,21,23.8,4.1,9.4,.438,1.5,4.2,.357,2.6,5.2,.503,.518,0.7,1.0,.667,1.4,1.8,3.3,1.5,0.7,0.4,1.2,2.5,10.4,0.0,baileac01
178,Khris Middleton,34,WAS,SF,20,20,25.0,3.9,8.5,.462,0.8,2.5,.327,3.1,6.0,.517,.509,1.7,2.1,.805,1.0,3.1,4.1,3.3,0.8,0.4,1.6,2.7,10.3,0.0,middlkh01
179,Royce O'Neale,32,PHO,SF,31,26,29.4,3.6,8.4,.429,2.9,6.8,.420,0.7,1.5,.468,.600,0.3,0.4,.667,0.7,4.3,5.0,2.8,1.3,0.2,1.5,2.4,10.3,0.0,onealro01
180,Marvin Bagley III,26,WAS,PF,25,7,19.6,4.2,6.6,.633,0.2,0.5,.500,4.0,6.2,.643,.651,1.6,2.3,.684,2.6,3.0,5.6,1.6,0.4,0.7,1.0,2.3,10.2,0.0,baglema01
181,Jordan Clarkson,33,NYK,SG,31,0,20.6,3.8,8.6,.440,1.4,4.2,.338,2.4,4.4,.537,.523,1.2,1.5,.771,0.8,1.1,1.9,1.5,0.5,0.2,1.2,2.1,10.2,0.0,clarkjo01
182,D'Angelo Russell,29,DAL,PG,25,3,19.0,3.6,8.9,.405,1.3,4.4,.300,2.3,4.5,.509,.480,1.7,2.4,.717,0.3,2.0,2.4,4.0,0.5,0.1,1.9,1.2,10.2,0.0,russeda01
183,T.J. McConnell,33,IND,PG,20,0,16.8,4.7,8.3,.566,0.4,1.1,.333,4.4,7.3,.600,.587,0.3,0.3,1.000,0.3,2.3,2.6,4.6,1.1,0.2,1.1,1.1,10.0,0.0,mccontj01
184,Neemias Queta,26,BOS,C,29,29,24.6,4.3,6.6,.654,0.0,0.1,.000,4.3,6.5,.665,.654,1.3,2.2,.600,3.1,4.8,7.9,1.6,0.7,1.3,0.9,3.0,10.0,0.0,quetane01
185,Bilal Coulibaly,21,WAS,SG,16,16,26.6,3.4,8.8,.386,0.9,3.8,.246,2.4,4.9,.494,.439,2.2,2.9,.761,0.9,3.7,4.6,2.6,1.4,1.0,1.8,2.6,9.9,0.0,coulibi01
186,Tristan Da Silva,24,ORL,SF,28,10,23.4,3.7,8.3,.446,1.6,4.3,.372,2.1,4.0,.527,.543,0.9,1.1,.800,0.8,3.1,3.9,1.1,0.8,0.3,0.9,1.3,9.9,0.0,dasiltr01
187,Derrick Jones Jr.,28,LAC,SF,14,13,24.5,3.6,6.9,.521,1.1,3.4,.340,2.4,3.5,.694,.604,1.6,2.1,.793,0.9,1.6,2.4,1.0,0.8,1.1,0.8,2.1,9.9,0.0,jonesde02
188,Isaiah Stewart,24,DET,C,29,7,22.9,3.8,7.3,.512,0.9,2.4,.366,2.9,4.9,.585,.573,1.5,2.1,.733,2.0,3.9,5.9,1.1,0.2,2.0,1.2,3.1,9.9,0.0,stewais01
189,Julian Champagnie,24,SAS,SF,31,18,27.4,3.2,7.9,.402,2.1,6.0,.346,1.1,2.0,.574,.533,1.4,1.6,.843,0.9,4.6,5.5,1.4,0.9,0.5,1.0,1.4,9.8,0.0,champju02
190,Herbert Jones,27,NOP,SF,22,22,28.0,3.6,8.8,.407,1.4,4.1,.344,2.2,4.7,.462,.487,1.2,1.5,.813,1.0,2.6,3.7,2.4,1.7,0.3,1.3,3.3,9.8,0.0,joneshe01
191,Marcus Smart,31,LAL,SG,21,14,27.3,3.2,8.0,.402,1.6,5.3,.304,1.6,2.7,.596,.503,1.7,1.9,.923,0.7,2.0,2.6,2.8,1.4,0.3,1.7,2.9,9.8,0.0,smartma01
192,Zach Collins,28,CHI,C,10,0,18.4,3.7,6.4,.578,0.9,2.1,.429,2.8,4.3,.651,.648,1.4,2.0,.700,1.6,4.0,5.6,1.5,0.2,0.4,1.0,1.8,9.7,0.0,colliza01
193,Jakob Poeltl,30,TOR,C,21,21,25.3,4.2,6.0,.693,0.0,0.0,0.0,4.2,6.0,.693,.693,1.3,2.2,.596,2.7,5.0,7.7,2.1,0.8,0.5,1.6,3.1,9.7,0.0,poeltja01
194,Kyle Filipowski,22,UTA,C,30,11,22.7,3.5,7.4,.475,0.9,2.7,.325,2.6,4.7,.560,.534,1.8,2.5,.716,1.7,4.7,6.4,2.3,0.5,0.5,1.2,2.7,9.6,0.0,filipky01
195,Gary Trent Jr.,27,MIL,SG,30,17,26.8,3.3,8.4,.391,2.2,5.8,.371,1.1,2.6,.436,.520,0.8,1.0,.806,0.1,1.2,1.4,1.6,0.8,0.1,0.7,1.5,9.6,0.0,trentga02
196,Pelle Larsson,24,MIA,SG,26,18,22.4,3.3,6.9,.472,1.1,3.0,.367,2.2,3.9,.554,.553,1.8,2.3,.783,0.6,2.1,2.7,3.4,0.5,0.2,1.0,1.9,9.5,0.0,larsspe01
197,Egor Dёmin,19,BRK,PG,27,20,23.9,3.3,8.4,.390,2.0,5.8,.353,1.3,2.7,.472,.511,0.7,0.8,.864,0.4,2.7,3.1,3.4,0.9,0.3,1.9,1.8,9.3,0.0,demineg01
198,Davion Mitchell,27,MIA,PG,30,30,29.9,3.8,7.8,.483,1.0,2.7,.366,2.8,5.1,.546,.547,0.8,1.2,.639,0.4,2.1,2.5,7.4,1.3,0.1,1.5,2.9,9.3,0.0,mitchda01
199,Jusuf Nurkić,31,UTA,C,28,23,25.1,3.7,7.7,.484,0.5,1.5,.302,3.3,6.1,.529,.514,1.4,2.8,.513,2.5,7.0,9.6,4.2,1.3,0.4,2.5,3.3,9.3,0.0,nurkiju01
200,Brice Sensabaugh,22,UTA,SF,30,2,17.7,3.2,7.5,.422,1.6,4.6,.343,1.6,2.9,.545,.527,1.4,1.6,.878,0.7,1.9,2.6,1.4,0.6,0.2,0.9,1.8,9.3,0.0,sensabr01
201,Landry Shamet,28,NYK,SG,15,6,20.9,2.8,6.2,.452,1.9,4.4,.424,0.9,1.8,.519,.602,1.8,2.3,.794,0.5,1.5,2.0,1.2,0.4,0.2,0.5,1.3,9.3,0.0,shamela01
202,Cam Whitmore,21,WAS,SF,21,0,16.9,3.7,8.0,.456,0.8,2.7,.286,2.9,5.4,.540,.503,1.1,1.5,.742,0.9,1.9,2.8,0.7,0.7,0.4,0.9,1.2,9.2,0.0,whitmca01
203,Bub Carrington,20,WAS,PG,30,11,27.2,3.1,7.8,.402,1.9,4.3,.434,1.3,3.5,.362,.521,1.0,1.4,.698,0.4,3.4,3.8,4.3,0.5,0.1,2.2,2.4,9.1,0.0,carrica01
204,Simone Fontecchio,30,MIA,SF,30,1,18.5,2.9,7.5,.385,1.9,5.3,.358,1.0,2.2,.448,.511,1.4,1.7,.804,0.5,2.5,3.0,1.7,0.4,0.2,1.0,1.6,9.1,0.0,fontesi01
205,Svi Mykhailiuk,28,UTA,SF,30,30,24.8,3.4,7.1,.477,1.9,4.7,.401,1.5,2.4,.625,.610,0.4,0.5,.929,0.7,1.9,2.6,2.0,0.6,0.1,0.8,1.3,9.1,0.0,mykhasv01
206,Corey Kispert,26,WAS,SF,18,2,19.5,3.1,6.2,.495,1.6,3.9,.394,1.5,2.2,.675,.622,1.3,1.7,.742,0.3,2.1,2.4,1.8,0.4,0.2,0.6,1.1,8.9,0.0,kispeco01
207,Jarace Walker,22,IND,PF,32,12,24.2,2.9,8.5,.337,1.4,4.6,.306,1.5,3.9,.373,.419,1.8,2.2,.789,0.5,4.1,4.6,1.9,0.5,0.4,1.8,1.7,8.9,0.0,walkeja02
208,Trendon Watford,25,PHI,PF,14,4,20.4,3.4,6.3,.534,0.5,1.3,.389,2.9,5.0,.571,.574,1.7,2.1,.800,1.1,3.6,4.7,3.6,0.4,0.2,1.5,2.7,8.9,0.0,watfotr01
209,Jordan Goodwin,27,PHO,PG,28,2,21.0,3.4,8.3,.407,1.4,4.1,.336,2.0,4.1,.478,.491,0.6,0.8,.773,1.8,2.4,4.2,2.1,1.5,0.2,1.3,1.6,8.7,0.0,goodwjo01
210,Ryan Kalkbrenner,24,CHO,C,26,25,25.6,3.7,4.7,.787,0.0,0.1,.000,3.7,4.6,.800,.787,1.3,1.8,.723,2.6,3.8,6.4,0.6,0.7,1.8,1.2,1.8,8.7,0.0,kalkbry01
211,Jake LaRavia,24,LAL,PF,30,9,25.1,3.2,7.0,.452,0.9,3.0,.315,2.2,4.0,.554,.519,1.5,2.1,.710,1.5,2.7,4.1,2.0,1.2,0.4,1.1,2.3,8.7,0.0,laravja01
212,Jalen Smith,25,CHI,C,26,0,16.8,3.2,6.8,.466,1.3,3.7,.361,1.8,3.0,.595,.565,1.0,1.3,.765,1.9,4.0,5.9,1.3,0.3,0.7,0.9,1.8,8.7,0.0,smithja04
213,Ziaire Williams,24,BRK,SF,25,2,22.2,2.8,7.1,.390,1.5,5.2,.295,1.2,1.9,.646,.497,1.7,2.0,.857,0.6,1.8,2.5,0.7,0.9,0.5,1.1,2.0,8.7,0.0,willizi02
214,Dominick Barlow,22,PHI,PF,20,17,26.5,3.4,6.3,.532,0.4,1.7,.235,3.0,4.6,.641,.563,1.5,1.9,.789,2.2,3.4,5.6,1.9,0.9,0.9,1.1,2.2,8.6,0.0,barlodo01
215,Caleb Love,24,POR,SG,24,0,18.6,3.2,8.9,.357,1.5,5.3,.281,1.7,3.5,.471,.441,0.8,1.0,.783,0.6,1.7,2.3,2.1,0.5,0.1,1.0,1.3,8.6,0.0,loveca01
216,Isaac Okoro,25,CHI,SG,23,23,24.0,3.3,6.7,.490,1.1,2.9,.388,2.2,3.8,.568,.574,0.9,1.2,.714,1.2,1.3,2.5,1.4,0.5,0.5,0.7,2.9,8.6,0.0,okorois01
217,Nick Smith Jr.,21,LAL,SG,13,1,16.4,3.3,7.2,.457,1.6,3.8,.429,1.7,3.5,.489,.569,0.4,0.6,.625,0.2,1.2,1.3,1.3,0.6,0.2,1.0,1.2,8.6,0.0,smithni01
218,Draymond Green,35,GSW,PF,26,26,27.3,3.2,7.6,.416,1.5,4.5,.336,1.7,3.1,.531,.515,0.7,1.2,.613,0.8,5.2,6.0,5.1,0.9,0.8,3.1,3.3,8.5,0.0,greendr01
219,Tolu Smith,25,DET,PF,2,0,11.0,3.0,4.0,.750,0.0,0.0,0.0,3.0,4.0,.750,.750,2.5,3.5,.714,2.0,3.5,5.5,1.0,0.5,0.5,0.5,1.0,8.5,0.0,smithto05
220,Jaden Ivey,23,DET,SG,17,0,15.7,2.9,6.5,.455,1.2,3.1,.396,1.7,3.4,.509,.550,1.2,1.5,.808,0.5,1.6,2.1,1.8,0.6,0.3,0.9,1.6,8.4,0.0,iveyja01
221,Caris LeVert,31,DET,SG,26,0,20.1,2.9,6.7,.437,1.3,3.3,.384,1.7,3.4,.489,.532,1.3,2.0,.667,0.3,1.5,1.8,2.8,0.8,0.6,1.4,1.3,8.4,0.0,leverca01
222,Tre Mann,24,CHO,PG,22,1,19.4,3.2,9.1,.350,1.4,4.7,.301,1.8,4.4,.402,.428,0.6,0.7,.867,0.8,2.0,2.9,2.6,0.6,0.1,1.7,2.0,8.4,0.0,manntr01
223,Jose Alvarado,27,NOP,PG,32,0,22.3,3.0,6.9,.437,1.7,4.4,.376,1.4,2.5,.543,.556,0.6,0.7,.826,0.4,2.3,2.7,3.2,1.0,0.1,1.2,2.1,8.3,0.0,alvarjo01
224,Ron Holland,20,DET,SF,30,5,20.8,3.0,7.3,.416,0.6,2.6,.247,2.4,4.7,.507,.459,1.6,2.0,.800,0.9,2.9,3.8,1.6,1.4,0.2,1.3,2.2,8.3,0.0,hollaro01
225,Jonas Valančiūnas,33,DEN,C,31,0,12.9,3.5,6.0,.578,0.1,0.4,.250,3.4,5.6,.601,.586,1.3,1.7,.755,1.4,3.2,4.5,1.2,0.2,0.5,1.1,2.0,8.3,0.0,valanjo01
226,Bradley Beal,32,LAC,SG,6,6,20.2,3.0,8.0,.375,1.2,3.2,.368,1.8,4.8,.379,.448,1.0,1.3,.750,0.3,0.5,0.8,1.7,0.5,0.0,1.5,2.3,8.2,0.0,bealbr01
227,Kentavious Caldwell-Pope,32,MEM,SG,32,13,21.8,2.8,6.8,.402,1.2,3.4,.355,1.5,3.4,.450,.491,1.4,1.6,.920,0.4,1.9,2.3,3.3,0.8,0.2,1.3,1.0,8.2,0.0,caldwke01
228,Isaiah Collier,21,UTA,PG,23,1,22.3,2.8,5.7,.489,0.4,1.2,.370,2.3,4.5,.519,.527,2.2,3.1,.704,0.2,1.8,2.0,6.3,0.7,0.3,2.4,2.2,8.2,0.0,colliis01
229,Kris Dunn,31,LAC,PG,31,25,27.0,3.2,6.3,.503,1.2,2.9,.396,2.0,3.4,.596,.595,0.7,1.0,.719,0.8,2.1,2.8,3.0,1.5,0.2,1.3,2.4,8.2,0.0,dunnkr01
230,Jay Huff,27,IND,C,32,16,19.8,2.8,6.7,.421,1.3,4.6,.293,1.5,2.1,.701,.521,1.1,1.3,.833,1.1,3.0,4.0,1.3,0.3,2.4,0.8,2.3,8.1,0.0,huffja01
231,Ryan Nembhard,22,DAL,PG,20,14,21.0,3.5,7.3,.483,1.0,2.5,.400,2.5,4.8,.526,.552,0.1,0.2,.667,0.3,1.6,1.8,5.3,0.3,0.0,1.7,1.8,8.1,0.0,nembhry01
232,Will Richard,23,GSW,SG,27,12,19.3,2.8,5.3,.528,1.3,3.3,.393,1.5,2.0,.745,.649,1.1,1.4,.795,1.1,1.8,2.9,1.0,1.0,0.1,0.7,2.1,8.1,0.0,richawi02
233,Bogdan Bogdanović,33,LAC,SG,16,3,22.5,2.8,7.3,.376,1.5,4.5,.333,1.3,2.8,.444,.479,1.0,1.2,.842,0.3,2.6,2.9,2.7,0.5,0.1,1.2,2.5,8.0,0.0,bogdabo01
234,Moussa Diabaté,24,CHO,C,30,4,22.7,3.0,4.8,.628,0.0,0.0,0.0,3.0,4.8,.628,.628,1.9,2.9,.659,3.7,4.4,8.1,1.2,0.8,0.9,0.7,2.5,8.0,0.0,diabamo01
235,Luguentz Dort,26,OKC,SF,23,23,27.7,2.8,7.4,.376,1.8,5.5,.331,1.0,1.9,.512,.500,0.7,0.7,.938,1.0,2.6,3.5,1.1,0.8,0.6,0.7,3.1,8.0,0.0,dortlu01
236,Luke Kornet,30,SAS,C,23,17,24.7,3.0,4.6,.651,0.0,0.0,0.0,3.0,4.6,.651,.651,2.0,2.4,.836,3.0,3.6,6.6,1.9,0.3,1.4,0.6,2.0,8.0,0.0,kornelu01
237,Terance Mann,29,BRK,SG,27,27,26.3,2.9,6.5,.449,0.9,2.7,.338,2.0,3.8,.529,.520,1.3,1.5,.850,1.4,2.1,3.6,3.7,0.7,0.3,1.1,2.7,8.0,0.0,mannte01
238,Nikola Jović,22,MIA,PF,21,1,18.7,2.7,7.0,.384,1.0,3.5,.284,1.7,3.4,.486,.455,1.6,2.1,.750,0.5,3.3,3.9,2.9,0.6,0.3,1.9,2.0,7.9,0.0,jovicni01
239,Tyrese Martin,26,BRK,SG,27,6,20.1,2.9,7.5,.391,1.4,4.3,.325,1.5,3.1,.482,.485,0.6,0.9,.708,1.0,2.1,3.1,2.4,0.7,0.1,1.1,1.0,7.9,0.0,martity01
240,Danny Wolf,21,BRK,PF,15,0,17.9,2.7,7.0,.390,1.2,3.3,.367,1.5,3.7,.411,.476,1.3,1.5,.864,0.9,3.1,3.9,1.7,0.4,0.2,1.5,1.1,7.9,0.0,wolfda01
241,Daniel Gafford,27,DAL,C,22,14,20.7,3.0,4.8,.619,0.0,0.0,0.0,3.0,4.8,.619,.619,1.9,2.4,.788,1.9,4.0,5.8,1.0,0.9,1.4,1.5,2.6,7.8,0.0,gaffoda01
242,Quenton Jackson,27,IND,PG,12,6,17.2,2.4,5.3,.453,0.7,1.8,.364,1.8,3.5,.500,.516,2.3,3.1,.730,0.5,2.0,2.5,2.2,0.6,0.1,1.3,1.8,7.8,0.0,jacksqu01
243,Quinten Post,25,GSW,PF,32,18,18.8,2.9,6.9,.421,1.5,4.4,.331,1.4,2.5,.582,.527,0.5,0.6,.800,1.1,3.3,4.4,1.5,0.6,0.6,0.8,2.0,7.8,0.0,postqu01
244,Cason Wallace,22,OKC,SG,31,26,27.4,3.0,7.2,.414,1.4,4.0,.347,1.6,3.2,.500,.511,0.5,0.6,.800,0.8,2.2,3.0,2.3,2.3,0.2,0.9,2.1,7.8,0.0,wallaca01
245,Jared McCain,21,PHI,SG,21,1,19.8,2.8,7.8,.362,1.2,3.8,.329,1.6,4.0,.393,.442,0.8,0.9,.842,0.1,2.5,2.6,1.9,1.0,0.0,1.0,1.4,7.6,0.0,mccaija01
246,Jamaree Bouyea,26,PHO,PG,15,0,14.6,3.1,5.2,.590,0.9,2.1,.452,2.1,3.1,.681,.679,0.5,0.6,.778,0.4,1.4,1.8,1.6,0.5,0.5,0.3,0.7,7.5,0.0,bouyeja01
247,Buddy Hield,33,GSW,SG,30,3,17.8,2.8,6.6,.417,1.4,4.4,.328,1.3,2.3,.588,.525,0.6,0.6,.944,0.7,1.8,2.5,1.5,0.8,0.1,1.1,1.3,7.5,0.0,hieldbu01
248,Bryce McGowens,23,NOP,SG,21,8,18.4,2.4,5.0,.486,0.8,1.6,.485,1.7,3.4,.486,.562,1.9,2.4,.765,0.3,1.8,2.1,1.4,0.6,0.2,0.4,1.7,7.5,0.0,mcgowbr01
249,De'Anthony Melton,27,GSW,PG,8,0,18.5,2.3,7.8,.290,0.6,3.9,.161,1.6,3.9,.419,.331,2.4,3.0,.792,0.3,1.0,1.3,2.1,1.6,0.6,1.3,2.3,7.5,0.0,meltode01
250,Precious Achiuwa,26,SAC,C,25,12,20.0,3.1,6.0,.510,0.3,1.0,.292,2.8,5.1,.551,.533,1.0,2.0,.471,2.0,3.5,5.5,1.1,0.8,0.4,0.4,1.6,7.4,0.0,achiupr01
251,Vince Williams Jr.,25,MEM,PG,22,11,21.9,2.5,7.5,.337,1.2,4.3,.277,1.4,3.3,.417,.416,1.1,1.4,.800,0.8,3.4,4.2,4.9,0.8,0.5,2.1,2.1,7.4,0.0,willivi01
252,Andre Drummond,32,PHI,C,29,14,21.1,2.9,5.6,.519,0.5,1.3,.395,2.4,4.3,.556,.565,1.0,1.6,.630,3.6,5.8,9.3,0.9,0.6,0.9,0.9,2.1,7.3,0.0,drumman01
253,Sam Hauser,28,BOS,PF,31,5,21.6,2.5,6.6,.371,2.2,5.8,.376,0.3,0.8,.333,.537,0.2,0.2,.833,0.7,2.8,3.5,1.3,0.5,0.3,0.6,1.2,7.3,0.0,hausesa01
254,Aaron Holiday,29,HOU,PG,23,0,15.3,2.3,5.4,.432,1.6,3.7,.429,0.8,1.8,.439,.576,1.1,1.3,.862,0.1,0.9,1.0,1.0,0.3,0.1,0.9,1.4,7.3,0.0,holidaa01
255,Isaiah Jackson,24,IND,C,29,14,18.3,2.9,4.9,.585,0.0,0.0,0.0,2.9,4.9,.585,.585,1.6,2.1,.742,2.5,3.4,5.9,0.8,0.7,0.8,1.1,3.0,7.3,0.0,jacksis01
256,Kevin Love,37,UTA,PF,19,1,16.7,2.3,5.6,.415,1.5,4.2,.367,0.8,1.4,.556,.552,1.1,1.4,.778,1.6,3.5,5.1,1.8,0.4,0.4,0.7,2.1,7.3,0.0,loveke01
257,Bruce Brown,29,DEN,SG,31,1,24.6,2.8,6.1,.463,0.5,1.5,.333,2.3,4.6,.507,.505,1.0,1.3,.800,1.1,3.0,4.2,2.1,1.0,0.3,1.0,2.4,7.2,0.0,brownbr01
258,Ryan Dunn,23,PHO,SF,25,11,22.7,2.9,6.5,.451,0.8,2.6,.292,2.2,3.9,.557,.509,0.6,0.8,.700,1.8,3.2,5.0,1.9,1.3,0.6,1.2,2.7,7.2,0.0,dunnry01
259,Daniss Jenkins,24,DET,PG,26,6,15.6,2.7,6.3,.424,0.8,2.3,.350,1.9,4.0,.467,.488,1.0,1.3,.771,0.6,1.1,1.7,2.8,0.9,0.0,1.3,1.3,7.2,0.0,jenkida01
260,Day'Ron Sharpe,24,BRK,C,28,0,16.4,2.7,4.4,.615,0.2,0.8,.286,2.5,3.6,.683,.639,1.6,2.5,.652,2.0,3.5,5.6,2.3,0.9,0.5,1.6,2.2,7.2,0.0,sharpda01
261,Brook Lopez,37,LAC,C,24,3,16.8,2.4,5.8,.417,1.6,4.0,.402,0.8,1.8,.452,.558,0.6,0.8,.789,0.4,2.2,2.5,0.8,0.3,1.0,0.9,1.8,7.1,0.0,lopezbr01
262,Tidjane Salaün,20,CHO,PF,18,0,16.2,2.5,4.9,.511,1.2,2.6,.457,1.3,2.3,.571,.631,0.9,1.3,.696,0.7,3.2,3.9,0.9,0.5,0.3,0.6,1.6,7.1,0.0,salauti01
263,Seth Curry,35,GSW,SG,2,0,16.0,3.0,4.5,.667,1.0,2.0,.500,2.0,2.5,.800,.778,0.0,0.0,0.0,0.5,1.5,2.0,1.5,1.0,0.0,0.0,1.5,7.0,0.0,curryse01
264,Collin Murray-Boyles,20,TOR,PF,26,4,18.0,2.8,5.1,.556,0.5,1.2,.452,2.3,3.9,.588,.609,0.8,1.3,.606,2.0,1.8,3.8,1.4,0.7,0.4,1.2,2.3,7.0,0.0,murraco01
265,Pat Spencer,29,GSW,PG,21,3,15.5,2.6,6.1,.430,0.7,1.8,.395,1.9,4.3,.444,.488,1.0,1.1,.875,0.7,1.6,2.3,3.0,0.7,0.0,1.0,1.4,7.0,0.0,spencpa01
266,Jordan Walsh,21,BOS,PF,26,18,20.5,2.7,4.5,.585,0.8,1.8,.458,1.8,2.7,.671,.678,0.9,1.0,.852,1.5,3.3,4.8,1.0,1.1,0.6,0.7,2.8,7.0,0.0,walshjo01
267,Jevon Carter,30,CHI,PG,14,0,14.3,2.2,5.4,.408,1.7,4.1,.421,0.5,1.4,.368,.566,0.7,0.7,1.000,0.4,1.1,1.4,1.2,0.8,0.0,0.6,1.1,6.9,0.0,carteje01
268,Sion James,23,CHO,SG,31,14,25.7,2.1,5.2,.404,1.2,3.2,.364,0.9,2.0,.468,.516,1.5,1.7,.865,0.5,2.7,3.2,1.6,0.7,0.4,0.9,1.7,6.8,0.0,jamessi01
269,Kyle Anderson,32,UTA,SF,9,0,17.9,2.7,5.4,.490,0.1,0.1,1.000,2.6,5.3,.479,.500,1.2,1.7,.733,0.8,1.8,2.6,3.1,1.4,0.3,1.0,2.6,6.7,0.0,anderky01
270,Luka Garza,27,BOS,C,23,1,14.7,2.3,3.9,.578,0.6,1.3,.419,1.7,2.6,.661,.650,1.6,2.0,.766,2.4,1.6,4.0,1.0,0.3,0.4,0.5,2.7,6.7,0.0,garzalu01
271,Tristan Vukcevic,22,WAS,C,25,2,11.6,2.3,5.0,.460,0.4,2.0,.216,1.9,3.0,.627,.504,1.6,2.1,.774,0.6,2.0,2.5,0.9,0.3,0.5,1.0,1.4,6.7,0.0,vukcetr01
272,Javonte Green,32,DET,SG,32,3,18.3,2.3,5.2,.431,0.9,2.7,.337,1.3,2.5,.531,.518,1.2,1.5,.771,0.8,2.0,2.7,0.8,1.3,0.3,0.7,1.5,6.6,0.0,greenja02
273,Luke Kennard,29,ATL,SG,29,0,19.6,2.3,4.7,.482,1.2,2.9,.424,1.0,1.8,.577,.613,0.8,0.9,.920,0.4,1.4,1.8,2.1,0.7,0.0,0.9,1.2,6.6,0.0,kennalu01
274,Josh Minott,23,BOS,PF,28,10,18.1,2.4,4.6,.508,1.1,2.6,.444,1.2,2.1,.586,.631,0.7,0.9,.769,1.4,2.7,4.1,1.1,0.8,0.4,0.6,1.8,6.6,0.0,minotjo01
275,Josh Okogie,27,HOU,SG,29,21,21.2,2.3,5.0,.458,1.1,2.6,.421,1.2,2.3,.500,.569,0.9,1.3,.730,1.3,1.5,2.8,1.0,1.1,0.2,0.9,1.9,6.6,0.0,okogijo01
276,Nae'Qwan Tomlin,25,CLE,PF,22,2,15.5,2.6,5.4,.479,0.5,2.0,.233,2.1,3.5,.618,.521,1.0,1.5,.688,1.5,1.5,3.0,0.6,0.8,0.6,0.4,2.0,6.6,0.0,tomlina01
277,Cole Anthony,25,MIL,PG,27,0,15.0,2.7,6.4,.428,0.6,1.9,.288,2.2,4.5,.488,.471,0.5,0.8,.591,0.4,2.1,2.6,3.7,0.6,0.3,1.9,2.1,6.5,0.0,anthoco01
278,Ben Sheppard,24,IND,SG,22,11,25.0,2.4,6.7,.354,1.1,4.0,.273,1.3,2.7,.475,.435,0.7,0.9,.789,0.8,3.3,4.1,2.0,0.6,0.1,0.7,2.0,6.5,0.0,sheppbe01
279,Patrick Williams,24,CHI,PF,29,1,18.8,2.2,6.0,.374,1.3,3.2,.402,1.0,2.8,.341,.480,0.7,1.1,.636,0.8,2.2,2.9,1.2,0.8,0.2,0.9,1.4,6.5,0.0,willipa01
280,Walter Clayton,22,UTA,PG,27,0,16.0,2.1,5.0,.426,0.8,2.7,.306,1.3,2.4,.563,.507,1.3,1.4,.947,0.4,1.6,2.0,3.2,0.5,0.2,1.1,1.7,6.4,0.0,claytwa01
281,Jamal Shead,23,TOR,PG,33,1,20.4,2.1,5.9,.356,1.1,3.3,.327,1.0,2.5,.393,.448,1.1,1.4,.783,0.4,1.5,1.8,5.4,1.0,0.1,1.4,2.0,6.4,0.0,sheadja01
282,Dru Smith,28,MIA,SG,32,1,17.6,2.2,5.3,.409,0.7,2.3,.315,1.5,3.1,.480,.477,1.3,1.6,.804,0.9,1.7,2.6,2.8,1.6,0.3,0.9,1.5,6.4,0.0,smithdr01
283,Al Horford,39,GSW,C,15,1,20.5,2.2,6.1,.363,1.5,4.4,.333,0.7,1.7,.440,.484,0.4,0.4,1.000,0.9,3.6,4.5,1.9,1.0,1.0,1.1,1.3,6.3,0.0,horfoal01
284,Bones Hyland,25,MIN,PG,23,3,13.3,2.2,4.6,.476,1.2,3.0,.386,1.0,1.5,.657,.605,0.7,1.0,.739,0.3,1.2,1.4,2.2,0.6,0.2,0.8,1.6,6.3,0.0,hylanbo01
285,Mac McClung,27,IND,SG,3,0,11.3,2.3,6.0,.389,0.7,3.3,.200,1.7,2.7,.625,.444,1.0,1.3,.750,0.0,1.3,1.3,0.3,1.7,0.3,0.7,2.0,6.3,0.0,mccluma01
286,Kobe Sanders,23,LAC,SG,23,3,18.8,2.1,4.7,.449,1.0,2.4,.400,1.1,2.3,.500,.551,1.0,1.1,.923,0.4,1.5,1.9,1.3,0.6,0.1,1.3,2.2,6.2,0.0,sandeko01
287,Kenrich Williams,31,OKC,PF,12,0,15.0,2.5,4.8,.526,0.9,2.2,.423,1.6,2.6,.613,.623,0.3,0.5,.500,0.8,2.3,3.0,1.8,0.6,0.0,0.6,1.1,6.2,0.0,willike04
288,Drake Powell,20,BRK,SG,20,0,17.8,2.2,4.4,.489,0.8,2.0,.375,1.4,2.4,.583,.574,1.0,1.1,.952,0.2,1.6,1.8,2.0,0.8,0.2,1.1,1.8,6.1,0.0,poweldr01
289,Taurean Prince,31,MIL,SF,8,0,21.1,2.1,4.8,.447,1.5,3.5,.429,0.6,1.3,.500,.605,0.4,0.4,1.000,0.0,1.6,1.6,1.0,0.8,0.3,0.6,2.5,6.1,0.0,princta02
290,Ja'Kobe Walter,21,TOR,SG,30,7,17.4,2.1,4.8,.448,1.2,3.0,.396,0.9,1.7,.538,.573,0.6,0.9,.731,0.7,1.2,1.9,0.9,1.0,0.1,0.6,2.0,6.1,0.0,walteja01
291,Alex Caruso,31,OKC,SG,22,0,18.7,2.1,5.4,.395,1.0,3.5,.299,1.1,1.9,.571,.492,0.6,0.7,.875,0.6,2.3,3.0,2.1,1.5,0.4,0.9,1.2,6.0,0.0,carusal01
292,Gradey Dick,22,TOR,SG,33,0,15.7,2.0,5.2,.390,0.8,2.8,.301,1.2,2.4,.494,.471,1.1,1.3,.837,0.4,1.5,1.9,0.7,0.7,0.1,0.5,1.2,6.0,0.0,dickgr01
293,KJ Simpson,23,CHO,PG,14,2,15.9,2.2,6.4,.348,0.9,2.8,.308,1.4,3.6,.380,.416,0.7,1.1,.625,0.4,1.7,2.1,2.5,1.1,0.0,1.7,1.0,6.0,0.0,simpskj01
294,Blake Wesley,22,POR,SG,6,0,16.3,2.3,5.7,.412,0.3,1.7,.200,2.0,4.0,.500,.441,1.0,1.7,.600,0.3,2.0,2.3,3.2,1.7,0.2,1.2,2.3,6.0,0.0,weslebl01
295,Robert Williams,28,POR,C,20,1,15.9,2.7,4.0,.671,0.1,0.5,.111,2.6,3.5,.743,.677,0.6,0.9,.706,2.2,4.1,6.3,0.9,0.6,1.5,0.6,1.3,6.0,0.0,williro04
296,Steven Adams,32,HOU,C,24,6,21.7,2.1,4.4,.481,0.0,0.0,0.0,2.1,4.4,.481,.481,1.6,2.4,.684,4.4,4.2,8.6,1.5,0.7,0.6,1.1,1.8,5.9,0.0,adamsst01
297,Goga Bitadze,26,ORL,C,28,0,16.7,2.3,3.4,.691,0.1,0.3,.250,2.3,3.1,.733,.702,1.2,1.5,.786,1.9,3.2,5.0,1.4,0.8,1.3,0.6,2.1,5.9,0.0,bitadgo01
298,Jaxson Hayes,25,LAL,C,25,4,17.2,2.4,3.1,.766,0.0,0.0,1.000,2.3,3.0,.763,.773,1.1,1.7,.667,1.3,2.7,4.0,1.0,0.3,0.6,0.6,1.9,5.9,0.0,hayesja02
299,Kasparas Jakučionis,19,MIA,PG,7,1,17.4,1.7,5.1,.333,1.3,3.0,.429,0.4,2.1,.200,.458,1.1,1.1,1.000,0.9,1.3,2.1,1.1,0.9,0.0,0.7,1.9,5.9,0.0,jakucka01
300,Jaden Hardy,23,DAL,SG,24,1,11.1,2.0,4.8,.409,1.1,2.9,.377,0.9,1.9,.457,.522,0.8,1.0,.833,0.3,1.0,1.3,0.6,0.3,0.1,0.8,1.1,5.8,0.0,hardyja02
301,Taylor Hendricks,22,UTA,PF,20,3,15.1,2.0,4.2,.482,0.8,2.1,.390,1.2,2.1,.571,.578,1.0,1.2,.792,1.2,2.2,3.3,0.6,0.5,0.3,0.4,1.1,5.8,0.0,hendrta01
302,Kris Murray,25,POR,SF,30,8,25.6,2.3,5.0,.460,0.5,2.1,.250,1.8,2.9,.616,.513,0.7,1.0,.677,1.8,2.3,4.1,1.2,1.1,0.4,1.0,2.0,5.8,0.0,murrakr01
303,Dean Wade,29,CLE,PF,31,10,23.0,1.9,5.0,.387,1.2,3.7,.319,0.7,1.3,.590,.506,0.7,1.0,.733,0.9,3.2,4.1,1.7,0.7,0.4,0.3,1.8,5.8,0.0,wadede01
304,Spencer Jones,24,DEN,SF,27,16,19.8,2.1,4.0,.537,0.8,2.1,.379,1.3,1.9,.720,.639,0.5,0.9,.560,1.3,1.3,2.6,1.0,0.9,0.3,0.7,2.5,5.6,0.0,jonessp01
305,Ethan Thompson,26,IND,SG,12,5,20.8,2.0,5.3,.381,1.3,3.8,.333,0.8,1.5,.500,.500,0.3,0.5,.667,0.8,1.4,2.3,1.8,0.6,0.3,0.8,2.6,5.6,0.0,thompet01
306,Eric Gordon,37,PHI,SG,6,0,12.3,2.0,3.5,.571,1.3,2.3,.571,0.7,1.2,.571,.762,0.2,0.3,.500,0.2,0.2,0.3,0.5,0.7,0.2,0.5,0.5,5.5,0.0,gordoer01
307,Dalton Knecht,24,LAL,SF,25,1,13.7,2.1,4.6,.456,0.9,2.6,.338,1.2,2.0,.612,.553,0.4,0.6,.688,0.4,1.4,1.8,0.5,0.3,0.3,0.4,1.1,5.5,0.0,knechda01
308,Asa Newell,20,ATL,PF,23,0,10.6,2.1,3.6,.590,0.9,1.7,.513,1.3,1.9,.659,.711,0.4,0.6,.643,0.8,1.1,1.9,0.5,0.3,0.3,0.5,1.5,5.5,0.0,newelas01
309,Micah Potter,27,IND,C,2,0,14.5,1.5,3.0,.500,0.5,1.5,.333,1.0,1.5,.667,.583,2.0,2.0,1.000,1.5,1.0,2.5,0.5,0.0,0.5,0.0,0.0,5.5,0.0,pottemi01
310,Paul Reed,26,DET,C,24,2,10.1,2.3,3.8,.622,0.3,0.6,.429,2.1,3.2,.658,.656,0.5,0.9,.619,1.8,2.0,3.8,1.0,0.7,0.7,0.9,1.4,5.5,0.0,reedpa01
311,Jaylin Williams,23,OKC,PF,25,3,18.3,1.8,5.0,.355,1.2,4.1,.294,0.6,0.9,.636,.476,0.8,1.2,.655,0.5,4.2,4.7,2.4,0.7,0.5,1.0,1.8,5.5,0.0,willija07
312,Justin Champagnie,24,WAS,SF,28,8,15.8,1.9,4.3,.446,0.5,1.6,.283,1.5,2.7,.547,.500,1.1,1.4,.769,2.0,3.3,5.3,0.9,0.7,0.5,0.4,1.4,5.4,0.0,champju01
313,Sidy Cissoko,21,POR,SF,27,10,20.1,1.8,4.7,.375,0.8,2.9,.282,1.0,1.9,.520,.461,1.0,1.4,.711,0.7,1.4,2.1,1.5,0.6,0.2,1.1,2.6,5.4,0.0,cissosi01
314,Nique Clifford,23,SAC,SG,28,3,18.4,2.0,5.0,.397,0.6,2.3,.286,1.4,2.8,.487,.461,0.7,1.0,.714,0.7,2.4,3.1,1.4,0.6,0.3,1.0,2.1,5.4,0.0,cliffni01
315,Justin Edwards,22,PHI,SF,27,5,16.4,1.9,5.1,.370,1.1,3.4,.337,0.7,1.7,.435,.482,0.5,0.6,.933,0.6,1.3,1.8,1.3,0.7,0.3,0.8,1.7,5.4,0.0,edwarju01
316,Keon Ellis,26,SAC,SG,30,4,17.2,1.9,4.8,.389,1.2,3.4,.356,0.7,1.4,.465,.514,0.4,0.7,.591,0.3,1.0,1.3,0.6,1.3,0.5,0.5,1.7,5.4,0.0,elliske01
317,Jordan Miller,26,LAC,SF,10,0,13.4,1.5,3.2,.469,0.7,1.6,.438,0.8,1.6,.500,.578,1.7,2.0,.850,1.1,1.7,2.8,1.1,0.3,0.2,0.9,0.8,5.4,0.0,millejo02
318,Yves Missi,21,NOP,C,25,6,17.5,2.4,4.0,.584,0.0,0.0,0.0,2.4,4.0,.584,.584,0.6,1.2,.516,3.0,2.2,5.2,1.0,0.3,1.2,0.9,1.8,5.4,0.0,missiyv01
319,Ben Saraf,19,BRK,SG,12,5,16.9,1.8,5.2,.355,0.8,2.8,.273,1.1,2.4,.448,.427,1.0,1.3,.800,0.4,1.2,1.6,2.8,0.7,0.3,1.9,1.3,5.4,0.0,sarafbe01
320,Drew Eubanks,28,SAC,C,25,11,14.4,2.2,3.6,.615,0.0,0.1,.500,2.2,3.6,.618,.621,0.8,1.5,.526,0.8,2.0,2.8,0.3,0.5,0.7,0.9,1.4,5.3,0.0,eubandr01
321,Josh Green,25,CHO,SG,7,0,14.3,1.9,3.6,.520,1.4,3.1,.455,0.4,0.4,1.000,.720,0.1,0.3,.500,0.7,1.0,1.7,1.0,1.0,0.0,0.4,1.1,5.3,0.0,greenjo02
322,Mouhamed Gueye,23,ATL,PF,32,3,15.8,2.1,4.4,.486,0.5,1.9,.250,1.7,2.5,.663,.539,0.5,0.9,.607,1.1,2.3,3.4,0.8,0.5,0.7,0.6,1.7,5.3,0.0,gueyemo02
323,Tyrese Proctor,21,CLE,PG,24,1,11.7,1.8,5.0,.350,1.0,3.2,.303,0.8,1.8,.432,.446,0.8,1.0,.826,0.2,1.2,1.4,1.4,0.3,0.0,0.5,1.1,5.3,0.0,proctty01
324,Lonzo Ball,28,CLE,PG,25,3,23.2,1.7,5.8,.299,1.2,4.7,.256,0.5,1.1,.481,.403,0.6,0.8,.700,1.0,3.2,4.2,4.6,1.4,0.2,1.6,1.5,5.2,0.0,balllo01
325,Mike Conley,38,MIN,PG,27,6,19.3,1.5,4.3,.357,1.1,3.1,.361,0.4,1.2,.344,.487,1.1,1.1,.935,0.4,1.5,1.9,3.2,0.7,0.3,0.6,1.7,5.2,0.0,conlemi01
326,Garrison Mathews,29,IND,SG,15,1,13.1,1.4,3.5,.404,1.1,3.1,.370,0.3,0.4,.667,.567,1.3,1.5,.826,0.1,1.0,1.1,0.7,0.4,0.2,0.2,1.3,5.2,0.0,mathega01
327,Oso Ighodaro,23,PHO,PF,31,6,18.8,2.4,3.8,.613,0.0,0.0,.000,2.4,3.8,.619,.613,0.4,0.9,.393,1.2,3.1,4.3,1.8,0.8,0.5,1.2,2.7,5.1,0.0,ighodos01
328,Tyler Kolek,24,NYK,PG,27,1,13.1,2.1,4.6,.463,0.6,2.0,.321,1.5,2.6,.571,.533,0.3,0.4,.636,0.3,1.4,1.7,2.8,0.5,0.1,0.9,1.4,5.1,0.0,kolekty01
329,Craig Porter Jr.,25,CLE,PG,28,0,16.2,2.1,4.0,.518,0.6,1.4,.421,1.5,2.6,.568,.589,0.4,0.6,.588,1.4,1.7,3.1,2.5,1.0,0.5,0.8,1.1,5.1,0.0,portecr01
330,Jordan Hawkins,23,NOP,SG,24,0,14.2,1.8,5.3,.339,1.0,3.0,.338,0.8,2.3,.339,.433,0.4,0.6,.714,0.4,1.3,1.7,0.8,0.1,0.1,0.5,0.6,5.0,0.0,hawkijo01
331,Jase Richardson,20,ORL,SG,21,0,10.3,1.9,3.9,.494,0.6,1.6,.394,1.3,2.3,.563,.574,0.6,0.9,.722,0.6,0.8,1.4,1.2,0.3,0.0,0.6,0.9,5.0,0.0,richaja02
332,Jeremy Sochan,22,SAS,PF,21,0,14.7,2.0,4.1,.494,0.3,1.2,.269,1.7,2.9,.590,.534,0.5,0.8,.688,1.1,2.0,3.1,1.2,0.5,0.2,0.8,2.0,5.0,0.0,sochaje01
333,Matisse Thybulle,28,POR,SG,4,0,12.3,1.5,2.5,.600,1.0,1.5,.667,0.5,1.0,.500,.800,1.0,1.0,1.000,0.0,1.0,1.0,0.8,2.5,0.0,0.3,1.8,5.0,0.0,thybuma01
334,Jarred Vanderbilt,26,LAL,PF,21,2,18.9,1.7,3.9,.444,0.6,1.5,.387,1.1,2.4,.480,.519,0.9,1.2,.760,1.8,3.6,5.4,1.3,1.0,0.3,1.4,2.0,4.9,0.0,vandeja01
335,Jalen Wilson,25,BRK,PF,21,0,13.3,1.6,4.2,.375,1.0,2.8,.356,0.6,1.4,.414,.494,0.8,1.0,.762,0.1,0.9,1.0,0.5,0.2,0.0,0.5,1.2,4.9,0.0,wilsoja03
336,Thomas Bryant,28,CLE,C,26,0,9.7,1.8,3.5,.511,0.5,1.6,.317,1.3,1.9,.673,.583,0.8,1.0,.800,0.8,2.0,2.8,0.4,0.2,0.4,0.3,1.2,4.8,0.0,bryanth01
337,Branden Carlson,26,OKC,C,22,1,10.0,2.0,3.5,.571,0.7,1.7,.405,1.3,1.8,.725,.669,0.1,0.3,.429,0.5,1.6,2.1,0.6,0.1,0.5,0.3,0.9,4.8,0.0,carlsbr01
338,Jett Howard,22,ORL,SF,23,0,10.8,1.7,4.2,.417,1.0,2.8,.338,0.8,1.3,.581,.531,0.4,0.4,1.000,0.3,1.0,1.3,0.8,0.2,0.1,0.2,1.0,4.8,0.0,howarje01
339,Liam McNeeley,20,CHO,SF,20,0,13.1,1.4,3.5,.406,1.0,2.3,.413,0.5,1.2,.391,.543,1.1,1.3,.840,0.5,1.8,2.3,0.9,0.2,0.1,0.5,1.5,4.8,0.0,mcneeli01
340,Trey Alexander,22,NOP,SG,3,0,12.3,2.0,3.0,.667,0.7,1.0,.667,1.3,2.0,.667,.778,0.0,0.0,0.0,0.0,1.3,1.3,1.3,0.3,0.3,0.3,1.3,4.7,0.0,alexatr01
341,Nicolas Batum,37,LAC,PF,30,3,20.7,1.5,3.9,.390,1.5,3.7,.393,0.1,0.2,.333,.576,0.2,0.2,.857,0.5,2.2,2.7,0.7,0.8,0.4,0.7,1.9,4.7,0.0,batumni01
342,GG Jackson II,21,MEM,PF,12,1,11.6,1.8,4.6,.382,0.3,2.1,.160,1.4,2.5,.567,.418,0.8,1.3,.667,0.3,2.3,2.6,0.4,0.9,0.3,0.3,1.1,4.7,0.0,jacksgg01
343,A.J. Lawson,25,TOR,SG,3,0,7.7,1.3,3.7,.364,0.7,1.3,.500,0.7,2.3,.286,.455,1.3,1.3,1.000,0.3,1.7,2.0,0.0,0.3,0.7,0.0,1.7,4.7,0.0,lawsoaj01
344,Gabe Vincent,29,LAL,PG,14,6,21.5,1.5,4.3,.350,1.2,3.4,.362,0.3,0.9,.308,.492,0.5,0.5,1.000,0.3,0.6,0.9,1.4,0.5,0.1,0.4,2.5,4.7,0.0,vincega01
345,RayJ Dennis,24,2TM,PG,14,0,12.3,1.6,5.1,.306,0.9,2.7,.316,0.7,2.4,.294,.389,0.6,0.6,.889,0.6,1.1,1.6,1.9,0.2,0.3,1.1,1.1,4.6,0.0,dennira01
345,RayJ Dennis,24,IND,PG,13,0,12.9,1.7,5.5,.306,0.9,2.9,.316,0.8,2.6,.294,.389,0.6,0.7,.889,0.6,1.0,1.6,2.0,0.2,0.3,1.1,1.2,4.9,0.0,dennira01
345,RayJ Dennis,24,LAC,PG,1,0,4.0,0.0,0.0,0.0,0.0,0.0,0.0,0.0,0.0,0.0,0.0,0.0,0.0,0.0,0.0,2.0,2.0,0.0,0.0,0.0,1.0,0.0,0.0,0.0,dennira01
346,Trayce Jackson-Davis,25,GSW,C,21,1,12.9,1.9,3.1,.600,0.0,0.0,0.0,1.9,3.1,.600,.600,0.9,1.5,.613,1.5,2.2,3.8,1.1,0.3,0.7,0.6,1.3,4.6,0.0,jackstr02
347,Olivier-Maxence Prosper,23,MEM,PF,19,0,10.5,1.4,2.9,.482,0.4,1.1,.350,1.1,1.9,.556,.545,1.4,1.5,.929,0.6,1.4,2.0,0.8,0.2,0.1,0.5,0.8,4.6,0.0,prospol01
348,Jeremiah Robinson-Earl,25,IND,PF,17,3,17.6,1.7,4.9,.349,0.5,1.9,.242,1.2,2.9,.420,.398,0.8,0.8,.929,1.9,3.3,5.2,0.7,0.4,0.1,0.6,1.4,4.6,0.0,robinje02
349,Ochai Agbaji,25,TOR,SG,25,9,16.8,1.8,4.3,.417,0.3,1.5,.184,1.5,2.8,.543,.449,0.6,0.8,.842,0.6,1.8,2.4,0.8,0.5,0.2,0.3,2.1,4.5,0.0,agbajoc01
350,Johnny Furphy,21,IND,SG,14,1,14.6,1.8,3.6,.500,0.6,1.7,.333,1.2,1.9,.654,.580,0.4,0.6,.556,0.7,1.9,2.6,0.3,0.5,0.0,0.6,1.5,4.5,0.0,furphjo01
351,DeAndre Jordan,37,NOP,C,2,1,11.5,2.0,2.5,.800,0.0,0.0,0.0,2.0,2.5,.800,.800,0.5,1.0,.500,2.0,3.0,5.0,0.0,0.0,0.0,0.5,0.5,4.5,0.0,jordade01
352,Karlo Matković,24,NOP,PF,22,0,11.4,2.0,3.2,.620,0.4,0.8,.444,1.6,2.4,.679,.676,0.1,0.5,.300,0.8,2.5,3.3,0.8,0.1,0.6,0.5,1.5,4.5,0.0,matkoka01
353,Doug McDermott,34,SAC,SF,4,0,10.8,1.5,3.5,.429,1.5,3.5,.429,0.0,0.0,0.0,.643,0.0,0.0,0.0,0.0,0.8,0.8,0.3,0.0,0.3,0.3,0.8,4.5,0.0,mcderdo01
354,Mitchell Robinson,27,NYK,C,22,11,18.5,1.9,2.8,.689,0.0,0.0,0.0,1.9,2.8,.689,.689,0.7,1.8,.400,4.7,4.0,8.7,1.1,0.9,1.1,0.8,2.2,4.5,0.0,robinmi01
355,Terrence Shannon Jr.,25,MIN,SG,22,0,12.8,1.5,3.7,.395,0.7,1.7,.405,0.8,2.0,.386,.488,1.0,1.2,.778,0.3,1.0,1.3,0.6,0.3,0.0,0.7,1.3,4.5,0.0,shannte01
356,Tony Bradley,28,IND,C,26,3,10.8,1.7,3.0,.584,0.0,0.0,.000,1.7,2.9,.592,.584,0.9,1.3,.727,1.6,1.0,2.6,0.5,0.1,0.2,0.4,2.0,4.4,0.0,bradlto01
357,Ousmane Dieng,22,OKC,C,17,0,12.5,1.6,3.6,.443,0.8,1.9,.438,0.8,1.7,.448,.557,0.4,0.4,1.000,0.4,1.4,1.8,0.9,0.1,0.3,0.4,1.1,4.4,0.0,diengou01
358,Hugo González,19,BOS,SF,26,1,14.8,1.8,3.5,.522,0.5,1.3,.371,1.3,2.2,.614,.592,0.2,0.4,.545,0.8,2.3,3.2,0.6,0.8,0.3,0.7,2.0,4.4,0.0,gonzahu01
359,Micah Peavy,24,NOP,SG,27,1,14.8,1.9,4.6,.407,0.4,1.5,.244,1.5,3.0,.488,.447,0.4,0.5,.714,0.9,1.3,2.2,0.9,0.6,0.1,0.3,1.5,4.4,0.0,peavymi01
360,Will Riley,19,WAS,SF,24,0,12.0,1.6,3.8,.429,0.3,1.2,.214,1.4,2.6,.524,.462,0.9,1.2,.786,0.6,1.1,1.7,1.1,0.3,0.1,0.5,0.7,4.4,0.0,rileywi01
361,Jaylen Clark,24,MIN,SG,29,0,14.1,1.5,3.5,.422,0.6,1.7,.320,0.9,1.8,.519,.500,0.8,1.3,.595,1.0,0.9,1.9,0.5,0.7,0.1,0.4,1.7,4.3,0.0,clarkja02
362,Dereck Lively II,21,DAL,C,7,4,16.4,1.6,2.6,.611,0.0,0.0,0.0,1.6,2.6,.611,.611,1.1,1.4,.800,2.0,3.3,5.3,1.9,0.6,1.6,1.4,3.0,4.3,0.0,livelde01
363,Jabari Walker,23,PHI,PF,29,6,13.4,1.4,3.3,.433,0.4,1.4,.293,1.0,1.9,.536,.495,1.0,1.3,.737,1.4,2.2,3.6,0.5,0.2,0.3,0.5,1.8,4.3,0.0,walkeja01
364,Noah Penda,21,ORL,SF,19,0,11.0,1.5,3.4,.453,0.6,1.3,.440,0.9,2.1,.462,.539,0.5,0.8,.600,1.7,2.2,3.9,1.2,0.3,0.3,0.7,1.0,4.1,0.0,pendano01
365,Adem Bona,22,PHI,C,22,3,16.7,1.4,2.5,.556,0.1,0.2,.400,1.3,2.2,.571,.574,1.2,1.8,.650,1.8,2.0,3.8,0.2,0.3,1.5,0.7,2.2,4.0,0.0,bonaad01
366,Brandon Clarke,29,MEM,PF,2,2,10.0,1.5,4.5,.333,0.0,0.0,0.0,1.5,4.5,.333,.333,1.0,2.0,.500,2.0,1.0,3.0,0.5,1.0,0.0,0.0,2.5,4.0,0.0,clarkbr01
367,Kevin McCullar Jr.,24,NYK,SF,4,0,7.3,1.3,2.0,.625,1.0,1.8,.571,0.3,0.3,1.000,.875,0.5,1.3,.400,1.0,1.3,2.3,0.5,0.5,0.0,1.0,1.0,4.0,0.0,mcculke01
368,Kelly Olynyk,34,SAS,C,18,0,9.8,1.3,2.6,.511,0.4,1.3,.292,0.9,1.3,.739,.585,0.9,1.3,.739,0.7,1.5,2.2,1.4,0.4,0.0,0.7,1.3,4.0,0.0,olynyke01
369,Gary Payton II,33,GSW,SG,30,1,11.9,1.8,3.6,.495,0.3,1.1,.265,1.5,2.4,.603,.537,0.1,0.2,.571,1.1,2.0,3.1,1.8,0.6,0.4,0.8,1.5,4.0,0.0,paytoga02
370,Keaton Wallace,26,ATL,PG,28,2,13.1,1.5,3.7,.398,0.9,2.3,.391,0.6,1.4,.410,.519,0.2,0.4,.500,0.0,1.4,1.4,2.5,0.6,0.1,0.7,1.3,4.0,0.0,wallake01
371,Dylan Cardwell,24,SAC,C,9,1,17.9,1.3,2.6,.522,0.0,0.1,.000,1.3,2.4,.545,.522,1.2,2.2,.550,1.9,3.0,4.9,0.9,1.0,1.8,0.8,3.3,3.9,0.0,cardwdy01
372,Cam Christie,20,LAC,SG,19,0,10.2,1.2,3.3,.349,0.5,1.5,.310,0.7,1.8,.382,.421,1.1,1.6,.700,0.4,1.5,1.9,0.6,0.3,0.1,0.3,0.6,3.9,0.0,chrisca02
373,Julian Strawther,23,DEN,SG,15,0,8.9,1.3,3.5,.385,0.3,1.6,.208,1.0,1.9,.536,.433,0.9,1.2,.722,0.1,1.2,1.3,0.5,0.1,0.1,0.4,0.9,3.9,0.0,strawju01
374,Malaki Branham,22,WAS,SG,16,0,7.8,1.2,2.7,.442,0.3,1.1,.222,0.9,1.6,.600,.488,1.1,1.4,.818,0.4,1.2,1.6,0.7,0.1,0.1,0.5,0.8,3.8,0.0,branhma01
375,Rob Dillingham,21,MIN,PG,26,0,10.6,1.5,4.4,.342,0.3,1.0,.296,1.2,3.3,.356,.377,0.5,0.7,.778,0.2,1.1,1.3,1.9,0.6,0.1,1.0,1.2,3.8,0.0,dilliro01
376,Jamison Battle,24,TOR,SF,23,1,8.1,1.3,2.3,.596,0.7,1.4,.500,0.7,0.9,.750,.750,0.2,0.2,.800,0.2,1.2,1.4,0.4,0.2,0.0,0.3,0.7,3.6,0.0,battlja01
377,Clint Capela,31,HOU,C,27,1,11.0,1.6,3.0,.538,0.0,0.0,0.0,1.6,3.0,.538,.538,0.4,0.8,.571,2.5,2.0,4.6,0.4,0.4,0.7,0.5,0.9,3.6,0.0,capelca01
378,Devin Carter,23,SAC,PG,9,0,9.6,1.1,3.4,.323,0.6,1.9,.294,0.6,1.6,.357,.403,0.8,0.8,1.000,0.4,1.0,1.4,1.4,0.7,0.1,0.9,1.0,3.6,0.0,cartede02
379,Larry Nance Jr.,33,CLE,PF,16,2,15.0,1.4,4.1,.354,0.6,2.1,.303,0.8,2.0,.406,.431,0.1,0.2,.333,0.8,2.0,2.8,1.3,0.6,0.3,0.6,2.4,3.6,0.0,nancela02
380,Charles Bassey,25,MEM,C,2,0,15.5,1.5,4.0,.375,0.0,0.0,0.0,1.5,4.0,.375,.375,0.5,1.5,.333,3.5,4.0,7.5,1.0,0.5,0.5,0.5,2.5,3.5,0.0,bassech01
381,Kobe Brown,26,LAC,PF,20,0,11.3,1.2,3.1,.371,0.5,2.1,.244,0.7,1.1,.619,.452,0.7,0.8,.875,0.6,1.5,2.0,1.0,0.4,0.1,0.5,0.5,3.5,0.0,brownko01
382,Antonio Reeves,25,CHO,SG,6,0,8.8,1.3,2.7,.500,0.8,1.7,.500,0.5,1.0,.500,.656,0.0,0.0,0.0,0.2,0.7,0.8,0.3,0.2,0.0,0.0,0.5,3.5,0.0,reevean01
383,Pat Connaughton,33,CHO,SG,16,0,8.0,1.2,2.4,.500,0.6,1.6,.400,0.6,0.8,.692,.632,0.4,0.7,.636,0.3,1.3,1.6,0.5,0.3,0.1,0.2,0.3,3.4,0.0,connapa01
384,Keshad Johnson,24,MIA,SF,13,0,9.4,1.2,3.1,.375,0.4,1.3,.294,0.8,1.8,.435,.438,0.7,1.0,.692,0.9,1.5,2.4,0.1,0.4,0.3,0.2,0.8,3.4,0.0,johnske10
385,Javon Small,23,MEM,PG,10,0,11.4,1.0,3.4,.294,0.6,2.3,.261,0.4,1.1,.364,.382,0.8,1.0,.800,0.1,0.9,1.0,2.9,0.1,0.1,0.9,1.1,3.4,0.0,smallja01
386,Chaz Lanier,24,DET,SG,13,0,10.2,1.1,3.2,.333,0.9,2.8,.324,0.2,0.4,.400,.476,0.2,0.2,1.000,0.5,0.6,1.1,0.8,0.3,0.0,0.1,0.2,3.3,0.0,laniech01
387,Nick Richards,28,PHO,C,25,2,9.3,1.3,2.4,.525,0.0,0.0,0.0,1.3,2.4,.525,.525,0.8,1.1,.679,1.2,2.1,3.2,0.3,0.1,0.4,1.0,1.5,3.3,0.0,richani01
388,Gui Santos,23,GSW,PF,23,1,9.2,1.1,2.6,.433,0.5,1.6,.324,0.6,1.0,.609,.533,0.5,0.7,.688,0.9,1.1,2.0,0.7,0.4,0.1,0.8,1.3,3.3,0.0,santogu01
389,Jericho Sims,27,MIL,C,26,4,15.9,1.5,1.8,.833,0.0,0.0,0.0,1.5,1.8,.833,.833,0.3,0.4,.636,1.4,2.8,4.2,0.7,0.2,0.2,1.1,1.8,3.3,0.0,simsje01
390,James Wiseman,24,IND,C,4,1,14.5,1.5,2.5,.600,0.0,0.0,0.0,1.5,2.5,.600,.600,0.3,0.5,.500,1.3,0.8,2.0,0.8,0.0,0.3,1.3,2.5,3.3,0.0,wisemja01
391,David Jones García,24,SAS,SF,10,0,6.7,1.3,2.5,.520,0.3,0.5,.600,1.0,2.0,.500,.580,0.3,0.6,.500,0.4,0.8,1.2,1.8,0.6,0.1,0.5,0.6,3.2,0.0,jonesda06
392,Tyus Jones,29,ORL,PG,32,7,15.7,1.2,3.2,.376,0.7,2.0,.328,0.5,1.2,.459,.480,0.2,0.2,1.000,0.2,0.9,1.1,2.5,0.7,0.1,0.3,0.6,3.2,0.0,jonesty01
393,Jalen Pickett,26,DEN,SG,16,1,11.3,1.2,2.9,.413,0.6,1.7,.370,0.6,1.2,.474,.522,0.2,0.2,1.000,0.3,1.4,1.7,1.8,0.2,0.1,0.7,0.7,3.2,0.0,pickeja02
394,Dalen Terry,23,CHI,SG,16,0,10.8,1.4,2.7,.512,0.3,0.9,.267,1.1,1.8,.643,.558,0.2,0.4,.429,0.6,1.1,1.8,1.3,0.7,0.3,0.7,1.1,3.2,0.0,terryda01
395,Rasheer Fleming,21,PHO,PF,16,0,7.1,1.1,3.0,.375,0.4,1.8,.214,0.8,1.3,.600,.438,0.4,0.6,.778,0.6,0.5,1.1,0.2,0.3,0.2,0.2,0.9,3.1,0.0,flemira01
396,Mark Sears,23,MIL,PG,7,0,3.7,0.9,1.9,.462,0.6,1.1,.500,0.3,0.7,.400,.615,0.9,1.1,.750,0.1,0.1,0.3,0.3,0.0,0.0,0.6,0.6,3.1,0.0,searsma01
397,Moussa Cisse,23,DAL,C,20,1,10.0,1.2,1.9,.605,0.0,0.0,0.0,1.2,1.9,.605,.605,0.7,1.6,.419,1.5,2.0,3.5,0.2,0.3,1.0,0.7,1.6,3.0,0.0,cissemo01
398,Jonathan Isaac,28,ORL,PF,28,0,10.8,1.0,2.4,.426,0.2,1.1,.200,0.8,1.4,.605,.471,0.8,1.4,.553,0.9,2.1,3.0,0.1,0.4,0.5,0.4,0.8,3.0,0.0,isaacjo01
399,John Konchar,29,MEM,SG,22,0,13.0,1.2,2.3,.510,0.4,1.3,.321,0.8,1.0,.739,.598,0.3,0.4,.667,0.5,2.1,2.7,1.2,0.9,0.3,0.3,0.9,3.0,0.0,konchjo01
400,Chris Livingston,22,CLE,SF,3,0,5.7,1.3,2.3,.571,0.0,1.0,.000,1.3,1.3,1.000,.571,0.3,0.3,1.000,0.0,1.0,1.0,0.3,0.3,0.0,0.0,1.3,3.0,0.0,livinch01
401,Emanuel Miller,25,CHI,PF,5,0,6.6,1.2,2.6,.462,0.4,1.2,.333,0.8,1.4,.571,.538,0.2,0.4,.500,0.2,0.4,0.6,0.8,0.4,0.0,0.0,0.4,3.0,0.0,milleem01
402,Riley Minix,25,SAS,SF,3,0,2.7,1.3,2.0,.667,0.3,1.0,.333,1.0,1.0,1.000,.750,0.0,0.0,0.0,0.3,0.3,0.7,0.3,0.3,0.0,0.0,0.3,3.0,0.0,minixri01
403,Monte Morris,30,IND,PG,6,0,10.8,1.2,3.3,.350,0.3,1.3,.250,0.8,2.0,.417,.400,0.3,0.7,.500,0.2,1.0,1.2,1.5,0.2,0.2,0.3,0.5,3.0,0.0,morrimo01
404,Duop Reath,29,POR,C,25,0,7.6,1.1,2.3,.474,0.8,1.7,.452,0.3,0.6,.533,.640,0.1,0.1,.667,0.2,0.6,0.8,0.3,0.2,0.2,0.2,0.9,3.0,0.0,reathdu01
405,Guerschon Yabusele,30,NYK,C,26,0,9.6,1.1,2.7,.394,0.6,1.9,.306,0.5,0.8,.591,.500,0.2,0.4,.600,0.7,1.5,2.2,0.4,0.1,0.2,0.3,1.1,3.0,0.0,yabusgu01
406,Chris Paul,40,LAC,PG,16,0,14.3,1.1,3.5,.321,0.6,1.9,.333,0.5,1.6,.308,.411,0.1,0.1,.500,0.4,1.4,1.8,3.3,0.7,0.0,1.0,1.4,2.9,0.0,paulch01
407,Jamir Watkins,24,WAS,SG,13,1,11.1,1.0,1.8,.542,0.3,1.0,.308,0.7,0.8,.818,.625,0.6,0.6,1.000,0.4,1.9,2.3,0.5,0.3,0.2,0.3,1.7,2.9,0.0,watkija01
408,Cody Williams,21,UTA,SG,18,0,12.7,1.3,3.7,.364,0.2,1.6,.107,1.2,2.1,.553,.386,0.1,0.3,.200,0.4,0.9,1.3,0.7,0.2,0.2,0.3,1.3,2.9,0.0,willico04
409,Kam Jones,23,IND,SG,4,0,3.0,1.3,2.0,.625,0.3,0.8,.333,1.0,1.3,.800,.688,0.0,0.0,0.0,0.3,0.0,0.3,0.5,0.0,0.0,0.0,0.3,2.8,0.0,joneska03
410,Bobi Klintman,22,DET,SF,6,0,8.8,1.2,3.5,.333,0.5,1.8,.273,0.7,1.7,.400,.405,0.0,0.5,.000,0.8,1.8,2.7,0.7,0.3,0.0,0.8,1.5,2.8,0.0,klintbo01
411,Julian Phillips,22,CHI,SF,22,2,10.1,1.1,2.5,.436,0.4,1.4,.300,0.7,1.1,.600,.518,0.2,0.3,.833,0.7,0.6,1.4,0.3,0.5,0.2,0.1,1.0,2.8,0.0,phillju01
412,Baylor Scheierman,25,BOS,SG,27,0,11.8,1.0,2.1,.491,0.7,1.7,.413,0.3,0.4,.818,.658,0.0,0.0,1.000,0.4,1.4,1.7,0.7,0.4,0.1,0.4,1.4,2.8,0.0,scheiba01
413,Jae'Sean Tate,30,HOU,SF,18,0,7.8,1.2,2.2,.538,0.3,0.7,.417,0.9,1.5,.593,.603,0.2,0.2,1.000,0.6,0.8,1.4,0.6,0.2,0.2,0.2,1.4,2.8,0.0,tateja01
414,Xavier Tillman Sr.,27,BOS,C,11,1,9.4,1.3,2.5,.500,0.3,1.2,.231,1.0,1.4,.733,.554,0.0,0.0,0.0,0.9,1.3,2.2,0.5,0.5,0.2,0.4,0.8,2.8,0.0,tillmxa01
415,Jamal Cain,26,ORL,SF,9,0,7.6,0.9,2.4,.364,0.2,1.1,.200,0.7,1.3,.500,.409,0.7,0.9,.750,0.3,0.3,0.7,0.3,0.4,0.1,0.4,1.3,2.7,0.0,cainja01
416,Yang Hansen,20,POR,C,15,1,7.9,0.9,2.9,.318,0.1,1.2,.111,0.8,1.7,.462,.341,0.7,0.8,.917,0.5,1.4,1.9,0.8,0.1,0.4,0.9,1.2,2.7,0.0,yangha01
417,Gary Harris,31,MIL,SG,23,0,14.7,1.0,2.1,.479,0.5,1.1,.423,0.5,1.0,.545,.594,0.2,0.2,1.000,0.3,1.2,1.4,1.0,0.7,0.2,0.5,1.4,2.7,0.0,harriga01
418,Kevon Looney,29,NOP,C,12,6,12.9,1.2,2.8,.424,0.1,0.6,.143,1.1,2.2,.500,.439,0.3,0.5,.500,1.7,2.3,3.9,1.4,0.3,0.4,0.5,2.1,2.7,0.0,looneke01
419,Jordan McLaughlin,29,SAS,PG,14,0,6.7,1.0,2.1,.483,0.4,1.1,.375,0.6,0.9,.615,.586,0.3,0.4,.800,0.3,0.4,0.7,0.9,0.5,0.0,0.3,0.5,2.7,0.0,mclaujo01
420,Dwight Powell,34,DAL,C,23,1,12.0,0.8,1.3,.600,0.0,0.0,0.0,0.8,1.3,.600,.600,1.1,1.7,.650,1.1,1.7,2.8,0.8,0.5,0.3,0.4,2.0,2.7,0.0,poweldw01
421,Nolan Traoré,19,BRK,PG,9,0,12.1,1.0,2.9,.346,0.3,1.3,.250,0.7,1.6,.429,.404,0.3,0.6,.600,0.1,0.9,1.0,1.8,0.4,0.1,0.8,1.3,2.7,0.0,traorno01
422,PJ Hall,23,2TM,C,8,0,4.5,0.9,1.5,.583,0.1,0.4,.333,0.8,1.1,.667,.625,0.6,0.9,.714,0.5,1.1,1.6,0.3,0.1,0.3,0.3,0.6,2.5,0.0,hallpj01
422,PJ Hall,23,MEM,C,7,0,3.9,0.7,1.3,.556,0.1,0.4,.333,0.6,0.9,.667,.611,0.3,0.4,.667,0.4,0.9,1.3,0.3,0.0,0.3,0.1,0.4,1.9,0.0,hallpj01
422,PJ Hall,23,CHO,C,1,0,9.0,2.0,3.0,.667,0.0,0.0,0.0,2.0,3.0,.667,.667,3.0,4.0,.750,1.0,3.0,4.0,0.0,1.0,0.0,1.0,2.0,7.0,0.0,hallpj01
423,Caleb Houstan,23,ATL,SF,8,0,5.4,0.8,1.6,.462,0.6,1.3,.500,0.1,0.4,.333,.654,0.4,0.4,1.000,0.5,0.1,0.6,0.3,0.1,0.1,0.5,0.6,2.5,0.0,houstca01
424,Yanic Konan Niederhäuser,22,LAC,C,15,0,6.7,1.0,1.4,.714,0.0,0.0,0.0,1.0,1.4,.714,.714,0.5,1.0,.533,0.6,0.9,1.5,0.2,0.1,0.3,0.4,1.1,2.5,0.0,konanya01
425,Carter Bryant,20,SAS,PF,23,0,7.7,0.9,2.6,.356,0.4,1.4,.313,0.5,1.2,.407,.441,0.2,0.3,.667,0.3,1.3,1.7,0.2,0.2,0.1,0.4,0.8,2.4,0.0,bryanca01
426,Elijah Harkless,25,UTA,SG,7,0,9.4,0.6,1.6,.364,0.3,1.0,.286,0.3,0.6,.500,.455,1.0,1.3,.778,0.3,0.6,0.9,0.7,0.6,0.0,0.4,1.4,2.4,0.0,harklej01
427,Chris Boucher,33,BOS,PF,8,0,11.4,0.9,2.8,.318,0.1,1.5,.083,0.8,1.3,.600,.341,0.4,0.5,.750,0.3,2.0,2.3,0.4,0.6,0.9,0.1,2.0,2.3,0.0,bouchch01
428,Isaiah Livers,27,PHO,PF,14,0,12.1,0.7,2.1,.345,0.5,1.7,.292,0.2,0.4,.600,.466,0.4,0.4,.833,0.7,1.5,2.2,0.6,0.5,0.4,0.5,1.1,2.3,0.0,liveris01
429,Luke Travers,24,CLE,SG,12,0,8.6,0.8,3.0,.250,0.1,1.3,.063,0.7,1.7,.400,.264,0.8,0.8,1.000,0.8,1.3,2.0,0.8,0.6,0.3,0.3,0.5,2.3,0.0,travelu01
430,Jeff Green,39,HOU,PF,13,0,4.6,0.8,1.7,.455,0.5,1.2,.438,0.2,0.5,.500,.614,0.0,0.0,0.0,0.1,0.4,0.5,0.2,0.0,0.1,0.0,0.4,2.1,0.0,greenje02
431,Lindy Waters III,28,SAS,SG,17,0,6.5,0.8,1.9,.394,0.6,1.7,.345,0.2,0.2,.750,.545,0.0,0.0,0.0,0.1,0.8,0.9,0.3,0.2,0.0,0.1,0.7,2.1,0.0,waterli01
432,Koby Brea,23,PHO,SG,2,0,4.0,0.5,1.5,.333,0.0,1.0,.000,0.5,0.5,1.000,.333,1.0,1.0,1.000,0.0,0.5,0.5,1.0,0.0,0.0,0.0,0.0,2.0,0.0,breako01
433,Hunter Dickinson,25,NOP,C,1,0,5.0,1.0,2.0,.500,0.0,0.0,0.0,1.0,2.0,.500,.500,0.0,0.0,0.0,0.0,0.0,0.0,0.0,0.0,1.0,2.0,2.0,2.0,0.0,dickihu01
434,Trentyn Flowers,20,CHI,SF,2,0,3.0,1.0,1.5,.667,0.0,0.5,.000,1.0,1.0,1.000,.667,0.0,0.0,0.0,0.5,0.0,0.5,0.5,0.0,0.0,0.5,0.5,2.0,0.0,flowetr01
435,Ron Harper Jr.,25,BOS,SF,4,0,5.0,0.8,2.5,.300,0.5,2.0,.250,0.3,0.5,.500,.400,0.0,0.0,0.0,0.3,0.5,0.8,1.0,0.3,0.5,0.0,0.5,2.0,0.0,harpero02
436,Colby Jones,23,DET,SG,1,0,7.0,1.0,3.0,.333,0.0,2.0,.000,1.0,1.0,1.000,.333,0.0,0.0,0.0,0.0,4.0,4.0,2.0,0.0,0.0,0.0,1.0,2.0,0.0,jonesco02
437,E.J. Liddell,25,BRK,PF,7,0,4.6,0.7,1.7,.417,0.3,1.1,.250,0.4,0.6,.750,.500,0.3,0.4,.667,0.4,0.9,1.3,0.0,0.0,0.0,0.0,0.6,2.0,0.0,liddeej01
438,Wendell Moore Jr.,24,DET,SG,3,0,14.3,1.0,2.0,.500,0.0,0.3,.000,1.0,1.7,.600,.500,0.0,0.0,0.0,0.3,1.0,1.3,1.0,0.7,0.3,0.3,0.3,2.0,0.0,moorewe01
439,Pete Nance,25,MIL,PF,9,0,3.6,0.8,1.6,.500,0.4,1.0,.444,0.3,0.6,.600,.643,0.0,0.0,0.0,0.1,0.7,0.8,0.1,0.0,0.0,0.2,0.0,2.0,0.0,nancepe01
440,Daeqwon Plowden,27,SAC,SG,1,0,14.0,1.0,5.0,.200,0.0,3.0,.000,1.0,2.0,.500,.200,0.0,0.0,0.0,2.0,0.0,2.0,0.0,0.0,0.0,0.0,0.0,2.0,0.0,plowdda01
441,Jahmir Young,25,MIA,PG,5,0,4.8,0.8,2.2,.364,0.4,1.0,.400,0.4,1.2,.333,.455,0.0,0.0,0.0,0.0,0.4,0.4,0.8,0.2,0.0,0.4,0.6,2.0,0.0,youngja05
442,Maxi Kleber,34,LAL,PF,15,0,12.3,0.6,1.8,.333,0.2,0.9,.231,0.4,0.9,.429,.389,0.5,0.7,.800,0.5,1.3,1.7,0.7,0.3,0.3,0.4,1.7,1.9,0.0,klebima01
443,Zeke Nnaji,25,DEN,PF,19,1,8.0,0.7,1.5,.500,0.2,0.7,.231,0.6,0.8,.733,.554,0.3,0.5,.667,0.3,1.1,1.4,0.3,0.2,0.2,0.4,0.9,1.9,0.0,nnajize01
444,Mason Plumlee,35,CHO,C,14,2,8.9,0.6,0.9,.750,0.0,0.0,0.0,0.6,0.9,.750,.750,0.6,0.9,.667,0.7,2.1,2.9,1.1,0.4,0.0,0.6,0.7,1.9,0.0,plumlma01
445,Joan Beringer,19,MIN,PF,10,0,3.9,0.8,1.1,.727,0.0,0.0,0.0,0.8,1.1,.727,.727,0.2,0.3,.667,0.2,1.0,1.2,0.0,0.1,0.2,0.2,0.9,1.8,0.0,berinjo01
446,Cody Martin,30,IND,SF,4,0,13.8,0.5,2.5,.200,0.0,1.3,.000,0.5,1.3,.400,.200,0.8,1.5,.500,0.3,3.3,3.5,0.5,1.0,0.5,1.0,1.3,1.8,0.0,martico01
447,Orlando Robinson,25,ORL,C,4,1,6.3,0.8,1.3,.600,0.3,0.5,.500,0.5,0.8,.667,.700,0.0,0.0,0.0,0.5,0.5,1.0,0.8,0.3,0.0,0.0,0.8,1.8,0.0,robinor01
448,Rayan Rupert,21,POR,SG,25,0,8.6,0.7,2.0,.367,0.3,1.0,.292,0.4,1.0,.440,.439,0.1,0.2,.500,0.2,1.2,1.5,0.4,0.3,0.0,0.4,1.1,1.8,0.0,ruperra01
449,Marcus Sasser,25,DET,PG,4,0,4.8,0.8,1.5,.500,0.3,0.8,.333,0.5,0.8,.667,.583,0.0,0.0,0.0,0.0,0.8,0.8,1.8,0.0,0.0,0.3,0.8,1.8,0.0,sassema01
450,Christian Koloko,25,2TM,C,6,0,13.2,0.8,1.5,.556,0.0,0.0,0.0,0.8,1.5,.556,.556,0.0,0.0,0.0,0.7,2.0,2.7,0.5,1.0,1.0,0.0,0.8,1.7,0.0,kolokch01
450,Christian Koloko,25,LAL,C,2,0,3.0,0.0,0.0,0.0,0.0,0.0,0.0,0.0,0.0,0.0,0.0,0.0,0.0,0.0,0.0,0.5,0.5,0.0,0.0,0.0,0.0,0.5,0.0,0.0,kolokch01
450,Christian Koloko,25,MEM,C,4,0,18.3,1.3,2.3,.556,0.0,0.0,0.0,1.3,2.3,.556,.556,0.0,0.0,0.0,1.0,2.8,3.8,0.8,1.5,1.5,0.0,1.0,2.5,0.0,kolokch01
451,Harrison Ingram,23,SAS,SF,3,0,3.7,0.7,1.0,.667,0.3,0.3,1.000,0.3,0.7,.500,.833,0.0,0.0,0.0,1.0,0.0,1.0,0.0,0.0,0.0,0.0,0.7,1.7,0.0,ingraha01
452,Bronny James,21,LAL,SG,17,1,8.4,0.6,2.0,.324,0.3,1.0,.294,0.4,1.0,.353,.397,0.1,0.1,1.000,0.2,0.4,0.6,1.3,0.5,0.1,0.7,0.7,1.7,0.0,jamesbr02
453,Chris Youngblood,23,OKC,SG,23,0,5.2,0.5,1.5,.324,0.4,1.3,.310,0.1,0.2,.400,.456,0.3,0.3,1.000,0.1,0.7,0.8,0.3,0.0,0.0,0.0,0.7,1.7,0.0,youngch01
454,Thanasis Antetokounmpo,33,MIL,SF,11,0,2.6,0.5,0.8,.667,0.0,0.0,0.0,0.5,0.8,.667,.667,0.5,0.8,.667,0.2,0.3,0.5,0.0,0.3,0.3,0.1,0.6,1.6,0.0,antetth01
455,JD Davison,23,HOU,PG,14,0,6.1,0.6,1.4,.450,0.3,0.7,.400,0.4,0.7,.500,.550,0.1,0.3,.250,0.1,0.3,0.4,0.9,0.2,0.1,0.3,0.4,1.6,0.0,davisjd01
456,Myron Gardner,24,MIA,SF,7,0,4.0,0.6,1.0,.571,0.4,0.9,.500,0.1,0.1,1.000,.786,0.0,0.0,0.0,0.3,0.4,0.7,0.3,0.1,0.0,0.0,1.1,1.6,0.0,gardnmy01
457,Caleb Martin,30,DAL,SF,26,0,9.9,0.6,1.8,.340,0.1,0.5,.143,0.5,1.3,.424,.362,0.3,0.4,.800,0.5,1.0,1.6,1.0,0.5,0.2,0.4,1.5,1.6,0.0,martica02
458,Jacob Toppin,25,ATL,SF,5,0,3.4,0.8,1.2,.667,0.0,0.0,0.0,0.8,1.2,.667,.667,0.0,0.0,0.0,0.0,0.2,0.2,0.2,0.0,0.2,0.0,0.2,1.6,0.0,toppija01
459,Brooks Barnhizer,23,OKC,SG,20,0,7.7,0.6,1.3,.462,0.1,0.3,.200,0.6,1.1,.524,.481,0.2,0.3,.667,0.3,1.5,1.8,0.5,0.2,0.1,0.2,0.6,1.5,0.0,barnhbr01
460,Amir Coffey,28,MIL,SG,22,0,7.7,0.5,1.2,.423,0.1,0.5,.250,0.4,0.6,.571,.481,0.3,0.3,1.000,0.2,0.5,0.7,0.4,0.0,0.0,0.1,0.3,1.5,0.0,coffeam01
461,Tyson Etienne,26,BRK,PG,8,0,4.3,0.5,1.9,.267,0.5,1.6,.308,0.0,0.3,.000,.400,0.0,0.0,0.0,0.0,0.0,0.0,0.1,0.0,0.0,0.1,0.6,1.5,0.0,etienty01
462,Dorian Finney-Smith,32,HOU,PF,2,0,14.5,0.5,2.5,.200,0.5,2.0,.250,0.0,0.5,.000,.300,0.0,0.0,0.0,0.5,1.0,1.5,1.0,0.5,0.5,0.0,0.5,1.5,0.0,finnedo01
463,DaRon Holmes,23,DEN,PF,2,0,2.0,0.5,0.5,1.000,0.5,0.5,1.000,0.0,0.0,0.0,1.500,0.0,0.0,0.0,0.0,0.0,0.0,0.0,0.0,0.0,0.0,0.5,1.5,0.0,holmeda01
464,Andre Jackson Jr.,24,MIL,SG,15,0,6.5,0.5,1.6,.292,0.2,1.0,.200,0.3,0.6,.444,.354,0.3,0.4,.833,0.3,0.5,0.8,1.1,0.3,0.1,0.4,0.9,1.5,0.0,jacksan01
465,Khaman Maluach,19,PHO,C,13,0,5.0,0.5,1.2,.375,0.0,0.3,.000,0.5,0.9,.500,.375,0.5,0.6,.875,0.2,0.8,1.0,0.2,0.0,0.4,0.5,1.0,1.5,0.0,maluakh01
466,Leonard Miller,22,MIN,SF,10,0,4.0,0.6,1.2,.500,0.0,0.5,.000,0.6,0.7,.857,.500,0.3,0.5,.600,0.1,1.0,1.1,0.4,0.2,0.0,0.4,0.7,1.5,0.0,millele01
467,Johni Broome,23,PHI,C,7,0,5.7,0.6,2.9,.200,0.0,0.4,.000,0.6,2.4,.235,.200,0.3,0.6,.500,0.9,1.0,1.9,0.6,0.3,0.0,0.3,0.7,1.4,0.0,broomjo01
468,Javonte Cooke,26,POR,SG,5,0,6.2,0.6,2.4,.250,0.2,1.0,.200,0.4,1.4,.286,.292,0.0,0.0,0.0,0.2,0.4,0.6,1.0,0.2,0.0,0.8,0.2,1.4,0.0,cookeja01
469,Mohamed Diawara,20,NYK,SF,23,2,4.8,0.6,1.6,.361,0.3,0.8,.333,0.3,0.8,.389,.444,0.0,0.2,.250,0.2,0.7,0.9,0.5,0.2,0.1,0.3,0.5,1.4,0.0,diawamo01
470,Anthony Gill,33,WAS,PF,12,0,3.3,0.5,0.8,.600,0.1,0.2,.500,0.4,0.7,.625,.650,0.3,0.3,1.000,0.3,0.4,0.8,0.0,0.0,0.1,0.3,0.3,1.4,0.0,gillan01
471,Nigel Hayes-Davis,31,PHO,SF,19,0,8.9,0.6,2.1,.300,0.1,0.7,.071,0.6,1.4,.423,.313,0.1,0.1,.500,0.5,0.8,1.3,0.4,0.4,0.1,0.4,0.7,1.4,0.0,hayesni01
472,Taelon Peter,23,IND,SG,19,0,6.2,0.4,1.7,.250,0.4,1.6,.233,0.1,0.1,.500,.359,0.2,0.3,.800,0.3,0.6,0.9,0.7,0.1,0.1,0.5,0.4,1.4,0.0,peterta01
473,Adou Thiero,21,LAL,SF,14,0,5.9,0.5,1.2,.412,0.0,0.1,.000,0.5,1.1,.438,.412,0.4,0.6,.750,0.5,0.6,1.1,0.3,0.4,0.0,0.3,1.0,1.4,0.0,thierad01
474,Isaac Jones,25,2TM,PF,4,1,4.5,0.5,1.0,.500,0.0,0.5,.000,0.5,0.5,1.000,.500,0.3,0.5,.500,0.5,0.0,0.5,0.3,0.0,0.0,0.0,1.0,1.3,0.0,jonesis01
474,Isaac Jones,25,SAC,PF,3,1,5.7,0.3,0.7,.500,0.0,0.3,.000,0.3,0.3,1.000,.500,0.3,0.7,.500,0.7,0.0,0.7,0.3,0.0,0.0,0.0,1.3,1.0,0.0,jonesis01
474,Isaac Jones,25,DET,PF,1,0,1.0,1.0,2.0,.500,0.0,1.0,.000,1.0,1.0,1.000,.500,0.0,0.0,0.0,0.0,0.0,0.0,0.0,0.0,0.0,0.0,0.0,2.0,0.0,jonesis01
475,Ariel Hukporti,23,NYK,C,19,3,8.9,0.5,1.0,.474,0.0,0.0,0.0,0.5,1.0,.474,.474,0.4,0.6,.583,1.1,1.4,2.5,0.6,0.2,0.5,0.6,1.5,1.3,0.0,hukpoar01
476,Trey Jemison,26,NYK,C,4,0,7.3,0.5,0.5,1.000,0.0,0.0,0.0,0.5,0.5,1.000,1.000,0.3,0.3,1.000,1.0,1.0,2.0,0.3,0.0,0.3,0.8,1.0,1.3,0.0,jemistr01
477,Johnny Juzang,24,MIN,SG,10,0,2.4,0.4,1.0,.400,0.3,0.8,.375,0.1,0.2,.500,.550,0.1,0.2,.500,0.1,0.2,0.3,0.1,0.0,0.0,0.1,0.3,1.2,0.0,juzanjo01
478,Kyle Lowry,39,PHI,PG,5,0,8.6,0.4,1.0,.400,0.4,1.0,.400,0.0,0.0,0.0,.600,0.0,0.0,0.0,0.0,0.6,0.6,1.4,0.2,0.0,0.4,0.6,1.2,0.0,lowryky01
479,Hunter Tyson,25,DEN,PF,11,0,3.9,0.4,1.6,.222,0.2,0.8,.222,0.2,0.8,.222,.278,0.2,0.2,1.000,0.2,1.1,1.3,0.3,0.1,0.0,0.0,0.4,1.1,0.0,tysonhu01
480,Miles Kelly,23,DAL,PG,2,0,5.5,0.5,1.0,.500,0.0,0.5,.000,0.5,0.5,1.000,.500,0.0,0.0,0.0,0.5,1.5,2.0,0.0,0.0,0.0,0.5,1.0,1.0,0.0,kellymi02
481,Jahmai Mashack,23,MEM,SG,6,0,3.5,0.3,1.2,.286,0.3,0.8,.400,0.0,0.3,.000,.429,0.0,0.0,0.0,0.0,0.8,0.8,0.3,0.2,0.0,0.5,0.2,1.0,0.0,mashaja01
482,Jonathan Mogbo,24,TOR,PF,13,0,4.8,0.5,0.9,.500,0.0,0.0,0.0,0.5,0.9,.500,.500,0.1,0.1,1.000,0.5,0.7,1.2,0.5,0.2,0.2,0.1,0.4,1.0,0.0,mogbojo01
483,Hunter Sallis,22,PHI,SG,7,0,3.7,0.4,0.7,.600,0.0,0.0,0.0,0.4,0.7,.600,.600,0.1,0.3,.500,0.0,0.1,0.1,0.6,0.0,0.1,0.7,0.3,1.0,0.0,sallihu01
484,Dario Šarić,31,SAC,C,5,0,8.2,0.2,1.2,.167,0.2,0.6,.333,0.0,0.6,.000,.250,0.4,0.4,1.000,0.2,1.0,1.2,0.4,0.0,0.0,0.4,0.6,1.0,0.0,saricda01
485,Bismack Biyombo,33,SAS,C,10,1,6.4,0.4,0.6,.667,0.0,0.0,0.0,0.4,0.6,.667,.667,0.1,0.2,.500,0.2,0.5,0.7,0.3,0.3,0.1,0.3,1.0,0.9,0.0,biyombi01
486,N'Faly Dante,24,ATL,C,4,0,3.8,0.3,1.0,.250,0.0,0.0,0.0,0.3,1.0,.250,.250,0.3,0.3,1.000,0.8,1.0,1.8,0.0,0.5,0.0,0.3,0.3,0.8,0.0,nfalyda01
487,Drew Peterson,26,CHO,PF,6,0,10.7,0.3,2.7,.125,0.0,2.0,.000,0.3,0.7,.500,.125,0.2,0.3,.500,0.5,1.0,1.5,0.3,0.5,0.2,0.0,0.5,0.8,0.0,peterdr01
488,Curtis Jones,24,DEN,SG,3,0,2.3,0.3,1.0,.333,0.0,0.3,.000,0.3,0.7,.500,.333,0.0,0.0,0.0,0.3,0.3,0.7,0.0,0.0,0.0,0.3,0.0,0.7,0.0,jonescu01
489,Drew Timme,25,LAL,PF,3,0,3.7,0.3,0.7,.500,0.0,0.3,.000,0.3,0.3,1.000,.500,0.0,0.0,0.0,0.3,0.7,1.0,1.0,0.3,0.0,0.3,0.0,0.7,0.0,timmedr01
490,AJ Johnson,21,WAS,SG,13,0,4.1,0.2,1.2,.125,0.0,0.2,.000,0.2,1.0,.154,.125,0.2,0.3,.750,0.2,0.4,0.5,0.4,0.0,0.0,0.2,0.3,0.5,0.0,johnsaj01
491,Amari Williams,24,BOS,PF,6,0,5.2,0.2,0.3,.500,0.0,0.0,0.0,0.2,0.3,.500,.500,0.2,0.3,.500,0.3,0.8,1.2,0.2,0.2,0.3,0.0,0.7,0.5,0.0,william01
492,Pacome Dadiet,20,NYK,SG,11,0,3.3,0.1,0.7,.125,0.0,0.5,.000,0.1,0.3,.333,.125,0.2,0.2,1.000,0.0,0.6,0.6,0.4,0.1,0.0,0.0,0.3,0.4,0.0,dadiepa01
493,Lachlan Olbrich,22,CHI,C,5,0,7.2,0.2,1.2,.167,0.0,0.6,.000,0.2,0.6,.333,.167,0.0,0.0,0.0,0.6,1.6,2.2,0.6,0.0,0.0,0.4,1.6,0.4,0.0,olbrila01
494,Garrett Temple,39,TOR,SG,9,0,3.0,0.1,0.7,.167,0.1,0.4,.250,0.0,0.2,.000,.250,0.1,0.2,.500,0.0,0.4,0.4,0.3,0.3,0.1,0.3,0.2,0.4,0.0,templga01
495,Jahmyl Telfort,24,LAC,PF,8,0,4.0,0.0,0.5,.000,0.0,0.5,.000,0.0,0.0,0.0,.000,0.1,0.5,.250,0.0,0.4,0.4,0.1,0.1,0.0,0.1,0.6,0.1,0.0,telfoja01
496,Sharife Cooper,24,WAS,PG,4,0,2.5,0.0,0.3,.000,0.0,0.3,.000,0.0,0.0,0.0,.000,0.0,0.0,0.0,0.0,0.0,0.0,0.0,0.0,0.0,0.3,0.3,0.0,0.0,coopesh01
497,Isaiah Crawford,24,HOU,SF,2,0,2.5,0.0,0.5,.000,0.0,0.5,.000,0.0,0.0,0.0,.000,0.0,0.0,0.0,0.0,0.0,0.0,0.0,0.0,0.0,0.0,0.0,0.0,0.0,crawfis01
498,Noa Essengue,19,CHI,PF,2,0,3.0,0.0,1.5,.000,0.0,1.0,.000,0.0,0.5,.000,.000,0.0,0.0,0.0,0.0,0.0,0.0,0.0,0.5,0.0,0.0,0.5,0.0,0.0,essenno01
499,Tosan Evbuomwan,24,NYK,SF,5,0,1.6,0.0,0.2,.000,0.0,0.0,0.0,0.0,0.2,.000,.000,0.0,0.0,0.0,0.2,0.2,0.4,0.0,0.0,0.0,0.0,0.2,0.0,0.0,evbuoto01
500,Vladislav Goldin,24,MIA,C,1,0,1.0,0.0,0.0,0.0,0.0,0.0,0.0,0.0,0.0,0.0,0.0,0.0,0.0,0.0,0.0,0.0,0.0,1.0,0.0,0.0,0.0,0.0,0.0,0.0,goldivl01
501,Chucky Hepburn,22,TOR,PG,2,0,6.5,0.0,3.0,.000,0.0,2.5,.000,0.0,0.5,.000,.000,0.0,0.0,0.0,0.0,0.5,0.5,1.0,0.5,0.0,0.5,1.0,0.0,0.0,hepbuch01
502,Joe Ingles,38,MIN,SF,8,0,2.9,0.0,0.3,.000,0.0,0.3,.000,0.0,0.0,0.0,.000,0.0,0.0,0.0,0.0,0.0,0.0,0.8,0.1,0.0,0.0,0.3,0.0,0.0,inglejo01
503,Chris Mañon,24,LAL,SG,3,0,4.3,0.0,0.3,.000,0.0,0.3,.000,0.0,0.0,0.0,.000,0.0,0.0,0.0,0.3,0.7,1.0,0.0,0.3,0.7,0.0,1.0,0.0,0.0,manonch01
504,Alijah Martin,24,TOR,SG,2,0,3.5,0.0,0.5,.000,0.0,0.0,0.0,0.0,0.5,.000,.000,0.0,0.0,0.0,0.0,0.0,0.0,0.0,0.5,0.0,0.0,0.0,0.0,0.0,martial01